/*
 Navicat Premium Data Transfer

 Source Server         : LocalSQL80
 Source Server Type    : MySQL
 Source Server Version : 80028
 Source Host           : localhost:3306
 Source Schema         : sct

 Target Server Type    : MySQL
 Target Server Version : 80028
 File Encoding         : 65001

 Date: 01/05/2022 13:21:51
*/

SET NAMES utf8mb4;
SET FOREIGN_KEY_CHECKS = 0;

-- ----------------------------
-- Table structure for class
-- ----------------------------
DROP TABLE IF EXISTS `class`;
CREATE TABLE `class`  (
  `cl_id` char(6) CHARACTER SET utf8mb4 COLLATE utf8mb4_0900_ai_ci NOT NULL,
  `t_id` char(8) CHARACTER SET utf8mb4 COLLATE utf8mb4_0900_ai_ci NOT NULL,
  `d_id` char(4) CHARACTER SET utf8mb4 COLLATE utf8mb4_0900_ai_ci NOT NULL,
  PRIMARY KEY (`cl_id`) USING BTREE,
  INDEX `d_id_idx`(`d_id`) USING BTREE,
  INDEX `cl_tid_idx`(`t_id`) USING BTREE,
  CONSTRAINT `cl_did` FOREIGN KEY (`d_id`) REFERENCES `department` (`d_id`) ON DELETE RESTRICT ON UPDATE RESTRICT,
  CONSTRAINT `cl_tid` FOREIGN KEY (`t_id`) REFERENCES `teacher` (`t_id`) ON DELETE RESTRICT ON UPDATE RESTRICT
) ENGINE = InnoDB CHARACTER SET = utf8mb4 COLLATE = utf8mb4_0900_ai_ci ROW_FORMAT = Dynamic;

-- ----------------------------
-- Records of class
-- ----------------------------
INSERT INTO `class` VALUES ('100101', '10012005', '1001');
INSERT INTO `class` VALUES ('100102', '10011045', '1001');
INSERT INTO `class` VALUES ('100201', '10021065', '1002');
INSERT INTO `class` VALUES ('100202', '10021012', '1002');
INSERT INTO `class` VALUES ('100301', '10035075', '1003');
INSERT INTO `class` VALUES ('100403', '10042210', '1004');
INSERT INTO `class` VALUES ('200101', '20010102', '2001');
INSERT INTO `class` VALUES ('200102', '20013050', '2001');

-- ----------------------------
-- Table structure for classroom
-- ----------------------------
DROP TABLE IF EXISTS `classroom`;
CREATE TABLE `classroom`  (
  `r_id` varchar(8) CHARACTER SET utf8mb4 COLLATE utf8mb4_0900_ai_ci NOT NULL,
  `r_addr` varchar(20) CHARACTER SET utf8mb4 COLLATE utf8mb4_0900_ai_ci NOT NULL,
  PRIMARY KEY (`r_id`) USING BTREE
) ENGINE = InnoDB CHARACTER SET = utf8mb4 COLLATE = utf8mb4_0900_ai_ci ROW_FORMAT = Dynamic;

-- ----------------------------
-- Records of classroom
-- ----------------------------
INSERT INTO `classroom` VALUES ('CY0501', '诚意5楼1号');
INSERT INTO `classroom` VALUES ('GW0302', '格物3楼2号');
INSERT INTO `classroom` VALUES ('ZX0101', '正心1楼1号');
INSERT INTO `classroom` VALUES ('ZX0214', '正心2楼14号');
INSERT INTO `classroom` VALUES ('ZX0312', '正心3楼12号');
INSERT INTO `classroom` VALUES ('ZX0510', '正心5楼10号');
INSERT INTO `classroom` VALUES ('ZX1009', '正心10楼9号');
INSERT INTO `classroom` VALUES ('ZZ0202', '致知2楼2号');
INSERT INTO `classroom` VALUES ('ZZ0401', '致知4楼1号');

-- ----------------------------
-- Table structure for course
-- ----------------------------
DROP TABLE IF EXISTS `course`;
CREATE TABLE `course`  (
  `c_id` char(6) CHARACTER SET utf8mb4 COLLATE utf8mb4_0900_ai_ci NOT NULL,
  `c_name` varchar(20) CHARACTER SET utf8mb4 COLLATE utf8mb4_0900_ai_ci NOT NULL,
  `d_id` char(4) CHARACTER SET utf8mb4 COLLATE utf8mb4_0900_ai_ci NOT NULL,
  `credit` float NOT NULL,
  `hours` int(0) NOT NULL,
  PRIMARY KEY (`c_id`) USING BTREE,
  INDEX `c_did_idx`(`d_id`) USING BTREE,
  CONSTRAINT `c_did` FOREIGN KEY (`d_id`) REFERENCES `department` (`d_id`) ON DELETE RESTRICT ON UPDATE RESTRICT
) ENGINE = InnoDB CHARACTER SET = utf8mb4 COLLATE = utf8mb4_0900_ai_ci ROW_FORMAT = Dynamic;

-- ----------------------------
-- Records of course
-- ----------------------------
INSERT INTO `course` VALUES ('110001', '高级算法设计', '1001', 3, 24);
INSERT INTO `course` VALUES ('110004', '计算建模', '1001', 3, 24);
INSERT INTO `course` VALUES ('120002', '模式识别与机器学习', '1002', 3, 24);
INSERT INTO `course` VALUES ('120003', '人工智能导论', '1002', 4.5, 36);
INSERT INTO `course` VALUES ('120004', '计算机视觉导论', '1002', 4.5, 36);
INSERT INTO `course` VALUES ('130001', '信息检索', '1003', 3, 24);
INSERT INTO `course` VALUES ('140001', '大数据算法', '1004', 4.5, 36);
INSERT INTO `course` VALUES ('210020', '基因生物学', '2001', 5, 40);
INSERT INTO `course` VALUES ('220010', '系统开发', '2002', 5, 40);

-- ----------------------------
-- Table structure for department
-- ----------------------------
DROP TABLE IF EXISTS `department`;
CREATE TABLE `department`  (
  `d_id` char(4) CHARACTER SET utf8mb4 COLLATE utf8mb4_0900_ai_ci NOT NULL,
  `d_name` varchar(16) CHARACTER SET utf8mb4 COLLATE utf8mb4_0900_ai_ci NOT NULL,
  PRIMARY KEY (`d_id`) USING BTREE
) ENGINE = InnoDB CHARACTER SET = utf8mb4 COLLATE = utf8mb4_0900_ai_ci ROW_FORMAT = Dynamic;

-- ----------------------------
-- Records of department
-- ----------------------------
INSERT INTO `department` VALUES ('1001', '计算机科学');
INSERT INTO `department` VALUES ('1002', '计算机视觉');
INSERT INTO `department` VALUES ('1003', '自然语言处理');
INSERT INTO `department` VALUES ('1004', '大数据');
INSERT INTO `department` VALUES ('2001', '生物信息学');
INSERT INTO `department` VALUES ('2002', '软件工程');

-- ----------------------------
-- Table structure for sc
-- ----------------------------
DROP TABLE IF EXISTS `sc`;
CREATE TABLE `sc`  (
  `s_id` char(9) CHARACTER SET utf8mb4 COLLATE utf8mb4_0900_ai_ci NOT NULL,
  `c_id` char(6) CHARACTER SET utf8mb4 COLLATE utf8mb4_0900_ai_ci NOT NULL,
  `score` float NULL DEFAULT NULL,
  `date` date NULL DEFAULT NULL,
  PRIMARY KEY (`s_id`, `c_id`) USING BTREE,
  INDEX `sc_cid_idx`(`c_id`) USING BTREE,
  CONSTRAINT `sc_cid` FOREIGN KEY (`c_id`) REFERENCES `course` (`c_id`) ON DELETE RESTRICT ON UPDATE RESTRICT,
  CONSTRAINT `sc_sid` FOREIGN KEY (`s_id`) REFERENCES `student` (`s_id`) ON DELETE RESTRICT ON UPDATE RESTRICT
) ENGINE = InnoDB CHARACTER SET = utf8mb4 COLLATE = utf8mb4_0900_ai_ci ROW_FORMAT = Dynamic;

-- ----------------------------
-- Records of sc
-- ----------------------------
INSERT INTO `sc` VALUES ('100101001', '110001', 80, '2021-05-09');
INSERT INTO `sc` VALUES ('100101001', '130001', 48, '2022-01-01');
INSERT INTO `sc` VALUES ('100101001', '140001', 58, '2021-06-11');
INSERT INTO `sc` VALUES ('100101001', '210020', 78, '2021-07-03');
INSERT INTO `sc` VALUES ('100101001', '220010', 55, '2022-01-09');
INSERT INTO `sc` VALUES ('100101004', '110004', 25, '2020-01-20');
INSERT INTO `sc` VALUES ('100101004', '120004', 99, '2022-01-19');
INSERT INTO `sc` VALUES ('100101004', '130001', 98, '2022-01-01');
INSERT INTO `sc` VALUES ('100101004', '210020', 77, '2021-07-03');
INSERT INTO `sc` VALUES ('100101004', '220010', 66, '2022-01-09');
INSERT INTO `sc` VALUES ('100102003', '120002', 0, '2021-09-05');
INSERT INTO `sc` VALUES ('100102003', '120003', 93, '2021-11-10');
INSERT INTO `sc` VALUES ('100102003', '130001', 88, '2022-01-01');
INSERT INTO `sc` VALUES ('100403000', '130001', 51, '2022-01-01');
INSERT INTO `sc` VALUES ('100403001', '130001', 18, '2022-01-01');
INSERT INTO `sc` VALUES ('100403002', '130001', 86, '2022-01-01');
INSERT INTO `sc` VALUES ('100403003', '130001', 98, '2022-01-01');
INSERT INTO `sc` VALUES ('100403004', '130001', 33, '2022-01-01');
INSERT INTO `sc` VALUES ('100403005', '130001', 87, '2022-01-01');
INSERT INTO `sc` VALUES ('100403006', '130001', 1, '2022-01-01');
INSERT INTO `sc` VALUES ('100403007', '130001', 21, '2022-01-01');
INSERT INTO `sc` VALUES ('100403008', '130001', 48, '2022-01-01');
INSERT INTO `sc` VALUES ('100403009', '130001', 18, '2022-01-01');
INSERT INTO `sc` VALUES ('100403010', '130001', 66, '2022-01-01');
INSERT INTO `sc` VALUES ('100403011', '130001', 36, '2022-01-01');
INSERT INTO `sc` VALUES ('100403012', '130001', 18, '2022-01-01');
INSERT INTO `sc` VALUES ('100403013', '130001', 56, '2022-01-01');
INSERT INTO `sc` VALUES ('100403014', '130001', 37, '2022-01-01');
INSERT INTO `sc` VALUES ('100403015', '130001', 93, '2022-01-01');
INSERT INTO `sc` VALUES ('100403016', '130001', 41, '2022-01-01');
INSERT INTO `sc` VALUES ('100403017', '130001', 36, '2022-01-01');
INSERT INTO `sc` VALUES ('100403018', '130001', 94, '2022-01-01');
INSERT INTO `sc` VALUES ('100403019', '130001', 6, '2022-01-01');
INSERT INTO `sc` VALUES ('100403020', '130001', 99, '2022-01-01');
INSERT INTO `sc` VALUES ('100403021', '130001', 97, '2022-01-01');
INSERT INTO `sc` VALUES ('100403022', '130001', 1, '2022-01-01');
INSERT INTO `sc` VALUES ('100403023', '130001', 14, '2022-01-01');
INSERT INTO `sc` VALUES ('100403024', '130001', 13, '2022-01-01');
INSERT INTO `sc` VALUES ('100403025', '130001', 74, '2022-01-01');
INSERT INTO `sc` VALUES ('100403026', '130001', 76, '2022-01-01');
INSERT INTO `sc` VALUES ('100403027', '130001', 48, '2022-01-01');
INSERT INTO `sc` VALUES ('100403028', '130001', 84, '2022-01-01');
INSERT INTO `sc` VALUES ('100403029', '130001', 70, '2022-01-01');
INSERT INTO `sc` VALUES ('100403030', '130001', 96, '2022-01-01');
INSERT INTO `sc` VALUES ('100403031', '130001', 63, '2022-01-01');
INSERT INTO `sc` VALUES ('100403032', '130001', 27, '2022-01-01');
INSERT INTO `sc` VALUES ('100403033', '130001', 43, '2022-01-01');
INSERT INTO `sc` VALUES ('100403034', '130001', 47, '2022-01-01');
INSERT INTO `sc` VALUES ('100403035', '130001', 20, '2022-01-01');
INSERT INTO `sc` VALUES ('100403036', '130001', 42, '2022-01-01');
INSERT INTO `sc` VALUES ('100403037', '130001', 48, '2022-01-01');
INSERT INTO `sc` VALUES ('100403038', '130001', 70, '2022-01-01');
INSERT INTO `sc` VALUES ('100403039', '130001', 93, '2022-01-01');
INSERT INTO `sc` VALUES ('100403040', '130001', 12, '2022-01-01');
INSERT INTO `sc` VALUES ('100403041', '130001', 29, '2022-01-01');
INSERT INTO `sc` VALUES ('100403042', '130001', 23, '2022-01-01');
INSERT INTO `sc` VALUES ('100403043', '130001', 21, '2022-01-01');
INSERT INTO `sc` VALUES ('100403044', '130001', 80, '2022-01-01');
INSERT INTO `sc` VALUES ('100403045', '130001', 88, '2022-01-01');
INSERT INTO `sc` VALUES ('100403046', '130001', 37, '2022-01-01');
INSERT INTO `sc` VALUES ('100403047', '130001', 71, '2022-01-01');
INSERT INTO `sc` VALUES ('100403048', '130001', 63, '2022-01-01');
INSERT INTO `sc` VALUES ('100403049', '130001', 25, '2022-01-01');
INSERT INTO `sc` VALUES ('100403050', '130001', 51, '2022-01-01');
INSERT INTO `sc` VALUES ('100403051', '130001', 10, '2022-01-01');
INSERT INTO `sc` VALUES ('100403052', '130001', 27, '2022-01-01');
INSERT INTO `sc` VALUES ('100403053', '130001', 81, '2022-01-01');
INSERT INTO `sc` VALUES ('100403054', '130001', 21, '2022-01-01');
INSERT INTO `sc` VALUES ('100403055', '130001', 3, '2022-01-01');
INSERT INTO `sc` VALUES ('100403056', '130001', 31, '2022-01-01');
INSERT INTO `sc` VALUES ('100403057', '130001', 84, '2022-01-01');
INSERT INTO `sc` VALUES ('100403058', '130001', 11, '2022-01-01');
INSERT INTO `sc` VALUES ('100403059', '130001', 89, '2022-01-01');
INSERT INTO `sc` VALUES ('100403060', '130001', 21, '2022-01-01');
INSERT INTO `sc` VALUES ('100403061', '130001', 60, '2022-01-01');
INSERT INTO `sc` VALUES ('100403062', '130001', 44, '2022-01-01');
INSERT INTO `sc` VALUES ('100403063', '130001', 94, '2022-01-01');
INSERT INTO `sc` VALUES ('100403064', '130001', 53, '2022-01-01');
INSERT INTO `sc` VALUES ('100403065', '130001', 44, '2022-01-01');
INSERT INTO `sc` VALUES ('100403066', '130001', 75, '2022-01-01');
INSERT INTO `sc` VALUES ('100403067', '130001', 79, '2022-01-01');
INSERT INTO `sc` VALUES ('100403068', '130001', 77, '2022-01-01');
INSERT INTO `sc` VALUES ('100403069', '130001', 93, '2022-01-01');
INSERT INTO `sc` VALUES ('100403070', '130001', 95, '2022-01-01');
INSERT INTO `sc` VALUES ('100403071', '130001', 95, '2022-01-01');
INSERT INTO `sc` VALUES ('100403072', '130001', 34, '2022-01-01');
INSERT INTO `sc` VALUES ('100403073', '130001', 76, '2022-01-01');
INSERT INTO `sc` VALUES ('100403074', '130001', 77, '2022-01-01');
INSERT INTO `sc` VALUES ('100403075', '130001', 39, '2022-01-01');
INSERT INTO `sc` VALUES ('100403076', '130001', 48, '2022-01-01');
INSERT INTO `sc` VALUES ('100403077', '130001', 61, '2022-01-01');
INSERT INTO `sc` VALUES ('100403078', '130001', 70, '2022-01-01');
INSERT INTO `sc` VALUES ('100403079', '130001', 25, '2022-01-01');
INSERT INTO `sc` VALUES ('100403080', '130001', 75, '2022-01-01');
INSERT INTO `sc` VALUES ('100403081', '130001', 33, '2022-01-01');
INSERT INTO `sc` VALUES ('100403082', '130001', 23, '2022-01-01');
INSERT INTO `sc` VALUES ('100403083', '130001', 95, '2022-01-01');
INSERT INTO `sc` VALUES ('100403084', '130001', 57, '2022-01-01');
INSERT INTO `sc` VALUES ('100403085', '130001', 63, '2022-01-01');
INSERT INTO `sc` VALUES ('100403086', '130001', 54, '2022-01-01');
INSERT INTO `sc` VALUES ('100403087', '130001', 16, '2022-01-01');
INSERT INTO `sc` VALUES ('100403088', '130001', 47, '2022-01-01');
INSERT INTO `sc` VALUES ('100403089', '130001', 67, '2022-01-01');
INSERT INTO `sc` VALUES ('100403090', '130001', 47, '2022-01-01');
INSERT INTO `sc` VALUES ('100403091', '130001', 33, '2022-01-01');
INSERT INTO `sc` VALUES ('100403092', '130001', 79, '2022-01-01');
INSERT INTO `sc` VALUES ('100403093', '130001', 94, '2022-01-01');
INSERT INTO `sc` VALUES ('100403094', '130001', 59, '2022-01-01');
INSERT INTO `sc` VALUES ('100403095', '130001', 63, '2022-01-01');
INSERT INTO `sc` VALUES ('100403096', '130001', 57, '2022-01-01');
INSERT INTO `sc` VALUES ('100403097', '130001', 36, '2022-01-01');
INSERT INTO `sc` VALUES ('100403098', '130001', 82, '2022-01-01');
INSERT INTO `sc` VALUES ('100403099', '130001', 17, '2022-01-01');
INSERT INTO `sc` VALUES ('100403100', '130001', 34, '2022-01-01');
INSERT INTO `sc` VALUES ('100403101', '130001', 2, '2022-01-01');
INSERT INTO `sc` VALUES ('100403102', '130001', 55, '2022-01-01');
INSERT INTO `sc` VALUES ('100403103', '130001', 75, '2022-01-01');
INSERT INTO `sc` VALUES ('100403104', '130001', 60, '2022-01-01');
INSERT INTO `sc` VALUES ('100403105', '130001', 51, '2022-01-01');
INSERT INTO `sc` VALUES ('100403106', '130001', 91, '2022-01-01');
INSERT INTO `sc` VALUES ('100403107', '130001', 37, '2022-01-01');
INSERT INTO `sc` VALUES ('100403108', '130001', 35, '2022-01-01');
INSERT INTO `sc` VALUES ('100403109', '130001', 23, '2022-01-01');
INSERT INTO `sc` VALUES ('100403110', '130001', 23, '2022-01-01');
INSERT INTO `sc` VALUES ('100403111', '130001', 35, '2022-01-01');
INSERT INTO `sc` VALUES ('100403112', '130001', 32, '2022-01-01');
INSERT INTO `sc` VALUES ('100403113', '130001', 78, '2022-01-01');
INSERT INTO `sc` VALUES ('100403114', '130001', 61, '2022-01-01');
INSERT INTO `sc` VALUES ('100403115', '130001', 88, '2022-01-01');
INSERT INTO `sc` VALUES ('100403116', '130001', 74, '2022-01-01');
INSERT INTO `sc` VALUES ('100403117', '130001', 81, '2022-01-01');
INSERT INTO `sc` VALUES ('100403118', '130001', 5, '2022-01-01');
INSERT INTO `sc` VALUES ('100403119', '130001', 94, '2022-01-01');
INSERT INTO `sc` VALUES ('100403120', '130001', 48, '2022-01-01');
INSERT INTO `sc` VALUES ('100403121', '130001', 26, '2022-01-01');
INSERT INTO `sc` VALUES ('100403122', '130001', 56, '2022-01-01');
INSERT INTO `sc` VALUES ('100403123', '130001', 19, '2022-01-01');
INSERT INTO `sc` VALUES ('100403124', '130001', 61, '2022-01-01');
INSERT INTO `sc` VALUES ('100403125', '130001', 67, '2022-01-01');
INSERT INTO `sc` VALUES ('100403126', '130001', 56, '2022-01-01');
INSERT INTO `sc` VALUES ('100403127', '130001', 14, '2022-01-01');
INSERT INTO `sc` VALUES ('100403128', '130001', 67, '2022-01-01');
INSERT INTO `sc` VALUES ('100403129', '130001', 50, '2022-01-01');
INSERT INTO `sc` VALUES ('100403130', '130001', 10, '2022-01-01');
INSERT INTO `sc` VALUES ('100403131', '130001', 11, '2022-01-01');
INSERT INTO `sc` VALUES ('100403132', '130001', 36, '2022-01-01');
INSERT INTO `sc` VALUES ('100403133', '130001', 51, '2022-01-01');
INSERT INTO `sc` VALUES ('100403134', '130001', 66, '2022-01-01');
INSERT INTO `sc` VALUES ('100403135', '130001', 68, '2022-01-01');
INSERT INTO `sc` VALUES ('100403136', '130001', 90, '2022-01-01');
INSERT INTO `sc` VALUES ('100403137', '130001', 40, '2022-01-01');
INSERT INTO `sc` VALUES ('100403138', '130001', 10, '2022-01-01');
INSERT INTO `sc` VALUES ('100403139', '130001', 10, '2022-01-01');
INSERT INTO `sc` VALUES ('100403140', '130001', 31, '2022-01-01');
INSERT INTO `sc` VALUES ('100403141', '130001', 68, '2022-01-01');
INSERT INTO `sc` VALUES ('100403142', '130001', 18, '2022-01-01');
INSERT INTO `sc` VALUES ('100403143', '130001', 23, '2022-01-01');
INSERT INTO `sc` VALUES ('100403144', '130001', 36, '2022-01-01');
INSERT INTO `sc` VALUES ('100403145', '130001', 92, '2022-01-01');
INSERT INTO `sc` VALUES ('100403146', '130001', 81, '2022-01-01');
INSERT INTO `sc` VALUES ('100403147', '130001', 56, '2022-01-01');
INSERT INTO `sc` VALUES ('100403148', '130001', 33, '2022-01-01');
INSERT INTO `sc` VALUES ('100403149', '130001', 59, '2022-01-01');
INSERT INTO `sc` VALUES ('100403150', '130001', 97, '2022-01-01');
INSERT INTO `sc` VALUES ('100403151', '130001', 89, '2022-01-01');
INSERT INTO `sc` VALUES ('100403152', '130001', 14, '2022-01-01');
INSERT INTO `sc` VALUES ('100403153', '130001', 89, '2022-01-01');
INSERT INTO `sc` VALUES ('100403154', '130001', 71, '2022-01-01');
INSERT INTO `sc` VALUES ('100403155', '130001', 59, '2022-01-01');
INSERT INTO `sc` VALUES ('100403156', '130001', 98, '2022-01-01');
INSERT INTO `sc` VALUES ('100403157', '130001', 14, '2022-01-01');
INSERT INTO `sc` VALUES ('100403158', '130001', 23, '2022-01-01');
INSERT INTO `sc` VALUES ('100403159', '130001', 65, '2022-01-01');
INSERT INTO `sc` VALUES ('100403160', '130001', 19, '2022-01-01');
INSERT INTO `sc` VALUES ('100403161', '130001', 80, '2022-01-01');
INSERT INTO `sc` VALUES ('100403162', '130001', 43, '2022-01-01');
INSERT INTO `sc` VALUES ('100403163', '130001', 91, '2022-01-01');
INSERT INTO `sc` VALUES ('100403164', '130001', 7, '2022-01-01');
INSERT INTO `sc` VALUES ('100403165', '130001', 17, '2022-01-01');
INSERT INTO `sc` VALUES ('100403166', '130001', 55, '2022-01-01');
INSERT INTO `sc` VALUES ('100403167', '130001', 59, '2022-01-01');
INSERT INTO `sc` VALUES ('100403168', '130001', 28, '2022-01-01');
INSERT INTO `sc` VALUES ('100403169', '130001', 21, '2022-01-01');
INSERT INTO `sc` VALUES ('100403170', '130001', 52, '2022-01-01');
INSERT INTO `sc` VALUES ('100403171', '130001', 32, '2022-01-01');
INSERT INTO `sc` VALUES ('100403172', '130001', 22, '2022-01-01');
INSERT INTO `sc` VALUES ('100403173', '130001', 96, '2022-01-01');
INSERT INTO `sc` VALUES ('100403174', '130001', 26, '2022-01-01');
INSERT INTO `sc` VALUES ('100403175', '130001', 7, '2022-01-01');
INSERT INTO `sc` VALUES ('100403176', '130001', 78, '2022-01-01');
INSERT INTO `sc` VALUES ('100403177', '130001', 98, '2022-01-01');
INSERT INTO `sc` VALUES ('100403178', '130001', 43, '2022-01-01');
INSERT INTO `sc` VALUES ('100403179', '130001', 98, '2022-01-01');
INSERT INTO `sc` VALUES ('100403180', '130001', 13, '2022-01-01');
INSERT INTO `sc` VALUES ('100403181', '130001', 53, '2022-01-01');
INSERT INTO `sc` VALUES ('100403182', '130001', 71, '2022-01-01');
INSERT INTO `sc` VALUES ('100403183', '130001', 41, '2022-01-01');
INSERT INTO `sc` VALUES ('100403184', '130001', 12, '2022-01-01');
INSERT INTO `sc` VALUES ('100403185', '130001', 82, '2022-01-01');
INSERT INTO `sc` VALUES ('100403186', '130001', 61, '2022-01-01');
INSERT INTO `sc` VALUES ('100403187', '130001', 28, '2022-01-01');
INSERT INTO `sc` VALUES ('100403188', '130001', 87, '2022-01-01');
INSERT INTO `sc` VALUES ('100403189', '130001', 59, '2022-01-01');
INSERT INTO `sc` VALUES ('100403190', '130001', 98, '2022-01-01');
INSERT INTO `sc` VALUES ('100403191', '130001', 52, '2022-01-01');
INSERT INTO `sc` VALUES ('100403192', '130001', 24, '2022-01-01');
INSERT INTO `sc` VALUES ('100403193', '130001', 86, '2022-01-01');
INSERT INTO `sc` VALUES ('100403194', '130001', 56, '2022-01-01');
INSERT INTO `sc` VALUES ('100403195', '130001', 75, '2022-01-01');
INSERT INTO `sc` VALUES ('100403196', '130001', 89, '2022-01-01');
INSERT INTO `sc` VALUES ('100403197', '130001', 93, '2022-01-01');
INSERT INTO `sc` VALUES ('100403198', '130001', 5, '2022-01-01');
INSERT INTO `sc` VALUES ('100403199', '130001', 17, '2022-01-01');
INSERT INTO `sc` VALUES ('100403200', '130001', 81, '2022-01-01');
INSERT INTO `sc` VALUES ('100403201', '130001', 78, '2022-01-01');
INSERT INTO `sc` VALUES ('100403202', '130001', 15, '2022-01-01');
INSERT INTO `sc` VALUES ('100403203', '130001', 79, '2022-01-01');
INSERT INTO `sc` VALUES ('100403204', '130001', 14, '2022-01-01');
INSERT INTO `sc` VALUES ('100403205', '130001', 92, '2022-01-01');
INSERT INTO `sc` VALUES ('100403206', '130001', 13, '2022-01-01');
INSERT INTO `sc` VALUES ('100403207', '130001', 83, '2022-01-01');
INSERT INTO `sc` VALUES ('100403208', '130001', 71, '2022-01-01');
INSERT INTO `sc` VALUES ('100403209', '130001', 67, '2022-01-01');
INSERT INTO `sc` VALUES ('100403210', '130001', 54, '2022-01-01');
INSERT INTO `sc` VALUES ('100403211', '130001', 21, '2022-01-01');
INSERT INTO `sc` VALUES ('100403212', '130001', 41, '2022-01-01');
INSERT INTO `sc` VALUES ('100403213', '130001', 13, '2022-01-01');
INSERT INTO `sc` VALUES ('100403214', '130001', 9, '2022-01-01');
INSERT INTO `sc` VALUES ('100403215', '130001', 94, '2022-01-01');
INSERT INTO `sc` VALUES ('100403216', '130001', 45, '2022-01-01');
INSERT INTO `sc` VALUES ('100403217', '130001', 76, '2022-01-01');
INSERT INTO `sc` VALUES ('100403218', '130001', 69, '2022-01-01');
INSERT INTO `sc` VALUES ('100403219', '130001', 8, '2022-01-01');
INSERT INTO `sc` VALUES ('100403220', '130001', 31, '2022-01-01');
INSERT INTO `sc` VALUES ('100403221', '130001', 20, '2022-01-01');
INSERT INTO `sc` VALUES ('100403222', '130001', 36, '2022-01-01');
INSERT INTO `sc` VALUES ('100403223', '130001', 83, '2022-01-01');
INSERT INTO `sc` VALUES ('100403224', '130001', 45, '2022-01-01');
INSERT INTO `sc` VALUES ('100403225', '130001', 67, '2022-01-01');
INSERT INTO `sc` VALUES ('100403226', '130001', 4, '2022-01-01');
INSERT INTO `sc` VALUES ('100403227', '130001', 14, '2022-01-01');
INSERT INTO `sc` VALUES ('100403228', '130001', 29, '2022-01-01');
INSERT INTO `sc` VALUES ('100403229', '130001', 98, '2022-01-01');
INSERT INTO `sc` VALUES ('100403230', '130001', 58, '2022-01-01');
INSERT INTO `sc` VALUES ('100403231', '130001', 92, '2022-01-01');
INSERT INTO `sc` VALUES ('100403232', '130001', 16, '2022-01-01');
INSERT INTO `sc` VALUES ('100403233', '130001', 74, '2022-01-01');
INSERT INTO `sc` VALUES ('100403234', '130001', 49, '2022-01-01');
INSERT INTO `sc` VALUES ('100403235', '130001', 14, '2022-01-01');
INSERT INTO `sc` VALUES ('100403236', '130001', 49, '2022-01-01');
INSERT INTO `sc` VALUES ('100403237', '130001', 56, '2022-01-01');
INSERT INTO `sc` VALUES ('100403238', '130001', 32, '2022-01-01');
INSERT INTO `sc` VALUES ('100403239', '130001', 52, '2022-01-01');
INSERT INTO `sc` VALUES ('100403240', '130001', 13, '2022-01-01');
INSERT INTO `sc` VALUES ('100403241', '130001', 37, '2022-01-01');
INSERT INTO `sc` VALUES ('100403242', '130001', 67, '2022-01-01');
INSERT INTO `sc` VALUES ('100403243', '130001', 24, '2022-01-01');
INSERT INTO `sc` VALUES ('100403244', '130001', 38, '2022-01-01');
INSERT INTO `sc` VALUES ('100403245', '130001', 42, '2022-01-01');
INSERT INTO `sc` VALUES ('100403246', '130001', 40, '2022-01-01');
INSERT INTO `sc` VALUES ('100403247', '130001', 40, '2022-01-01');
INSERT INTO `sc` VALUES ('100403248', '130001', 62, '2022-01-01');
INSERT INTO `sc` VALUES ('100403249', '130001', 27, '2022-01-01');
INSERT INTO `sc` VALUES ('100403250', '130001', 17, '2022-01-01');
INSERT INTO `sc` VALUES ('100403251', '130001', 66, '2022-01-01');
INSERT INTO `sc` VALUES ('100403252', '130001', 38, '2022-01-01');
INSERT INTO `sc` VALUES ('100403253', '130001', 21, '2022-01-01');
INSERT INTO `sc` VALUES ('100403254', '130001', 22, '2022-01-01');
INSERT INTO `sc` VALUES ('100403255', '130001', 40, '2022-01-01');
INSERT INTO `sc` VALUES ('100403256', '130001', 21, '2022-01-01');
INSERT INTO `sc` VALUES ('100403257', '130001', 94, '2022-01-01');
INSERT INTO `sc` VALUES ('100403258', '130001', 65, '2022-01-01');
INSERT INTO `sc` VALUES ('100403259', '130001', 10, '2022-01-01');
INSERT INTO `sc` VALUES ('100403260', '130001', 98, '2022-01-01');
INSERT INTO `sc` VALUES ('100403261', '130001', 93, '2022-01-01');
INSERT INTO `sc` VALUES ('100403262', '130001', 80, '2022-01-01');
INSERT INTO `sc` VALUES ('100403263', '130001', 18, '2022-01-01');
INSERT INTO `sc` VALUES ('100403264', '130001', 82, '2022-01-01');
INSERT INTO `sc` VALUES ('100403265', '130001', 39, '2022-01-01');
INSERT INTO `sc` VALUES ('100403266', '130001', 2, '2022-01-01');
INSERT INTO `sc` VALUES ('100403267', '130001', 40, '2022-01-01');
INSERT INTO `sc` VALUES ('100403268', '130001', 70, '2022-01-01');
INSERT INTO `sc` VALUES ('100403269', '130001', 38, '2022-01-01');
INSERT INTO `sc` VALUES ('100403270', '130001', 18, '2022-01-01');
INSERT INTO `sc` VALUES ('100403271', '130001', 62, '2022-01-01');
INSERT INTO `sc` VALUES ('100403272', '130001', 87, '2022-01-01');
INSERT INTO `sc` VALUES ('100403273', '130001', 99, '2022-01-01');
INSERT INTO `sc` VALUES ('100403274', '130001', 32, '2022-01-01');
INSERT INTO `sc` VALUES ('100403275', '130001', 56, '2022-01-01');
INSERT INTO `sc` VALUES ('100403276', '130001', 51, '2022-01-01');
INSERT INTO `sc` VALUES ('100403277', '130001', 28, '2022-01-01');
INSERT INTO `sc` VALUES ('100403278', '130001', 48, '2022-01-01');
INSERT INTO `sc` VALUES ('100403279', '130001', 55, '2022-01-01');
INSERT INTO `sc` VALUES ('100403280', '130001', 94, '2022-01-01');
INSERT INTO `sc` VALUES ('100403281', '130001', 36, '2022-01-01');
INSERT INTO `sc` VALUES ('100403282', '130001', 14, '2022-01-01');
INSERT INTO `sc` VALUES ('100403283', '130001', 44, '2022-01-01');
INSERT INTO `sc` VALUES ('100403284', '130001', 70, '2022-01-01');
INSERT INTO `sc` VALUES ('100403285', '130001', 49, '2022-01-01');
INSERT INTO `sc` VALUES ('100403286', '130001', 28, '2022-01-01');
INSERT INTO `sc` VALUES ('100403287', '130001', 25, '2022-01-01');
INSERT INTO `sc` VALUES ('100403288', '130001', 70, '2022-01-01');
INSERT INTO `sc` VALUES ('100403289', '130001', 34, '2022-01-01');
INSERT INTO `sc` VALUES ('100403290', '130001', 13, '2022-01-01');
INSERT INTO `sc` VALUES ('100403291', '130001', 9, '2022-01-01');
INSERT INTO `sc` VALUES ('100403292', '130001', 81, '2022-01-01');
INSERT INTO `sc` VALUES ('100403293', '130001', 36, '2022-01-01');
INSERT INTO `sc` VALUES ('100403294', '130001', 90, '2022-01-01');
INSERT INTO `sc` VALUES ('100403295', '130001', 58, '2022-01-01');
INSERT INTO `sc` VALUES ('100403296', '130001', 49, '2022-01-01');
INSERT INTO `sc` VALUES ('100403297', '130001', 40, '2022-01-01');
INSERT INTO `sc` VALUES ('100403298', '130001', 3, '2022-01-01');
INSERT INTO `sc` VALUES ('100403299', '130001', 39, '2022-01-01');
INSERT INTO `sc` VALUES ('100403300', '130001', 50, '2022-01-01');
INSERT INTO `sc` VALUES ('100403301', '130001', 11, '2022-01-01');
INSERT INTO `sc` VALUES ('100403302', '130001', 95, '2022-01-01');
INSERT INTO `sc` VALUES ('100403303', '130001', 78, '2022-01-01');
INSERT INTO `sc` VALUES ('100403304', '130001', 89, '2022-01-01');
INSERT INTO `sc` VALUES ('100403305', '130001', 59, '2022-01-01');
INSERT INTO `sc` VALUES ('100403306', '130001', 43, '2022-01-01');
INSERT INTO `sc` VALUES ('100403307', '130001', 13, '2022-01-01');
INSERT INTO `sc` VALUES ('100403308', '130001', 69, '2022-01-01');
INSERT INTO `sc` VALUES ('100403309', '130001', 34, '2022-01-01');
INSERT INTO `sc` VALUES ('100403310', '130001', 12, '2022-01-01');
INSERT INTO `sc` VALUES ('100403311', '130001', 11, '2022-01-01');
INSERT INTO `sc` VALUES ('100403312', '130001', 36, '2022-01-01');
INSERT INTO `sc` VALUES ('100403313', '130001', 84, '2022-01-01');
INSERT INTO `sc` VALUES ('100403314', '130001', 48, '2022-01-01');
INSERT INTO `sc` VALUES ('100403315', '130001', 58, '2022-01-01');
INSERT INTO `sc` VALUES ('100403316', '130001', 88, '2022-01-01');
INSERT INTO `sc` VALUES ('100403317', '130001', 93, '2022-01-01');
INSERT INTO `sc` VALUES ('100403318', '130001', 77, '2022-01-01');
INSERT INTO `sc` VALUES ('100403319', '130001', 80, '2022-01-01');
INSERT INTO `sc` VALUES ('100403320', '130001', 98, '2022-01-01');
INSERT INTO `sc` VALUES ('100403321', '130001', 45, '2022-01-01');
INSERT INTO `sc` VALUES ('100403322', '130001', 21, '2022-01-01');
INSERT INTO `sc` VALUES ('100403323', '130001', 99, '2022-01-01');
INSERT INTO `sc` VALUES ('100403324', '130001', 59, '2022-01-01');
INSERT INTO `sc` VALUES ('100403325', '130001', 6, '2022-01-01');
INSERT INTO `sc` VALUES ('100403326', '130001', 63, '2022-01-01');
INSERT INTO `sc` VALUES ('100403327', '130001', 11, '2022-01-01');
INSERT INTO `sc` VALUES ('100403328', '130001', 98, '2022-01-01');
INSERT INTO `sc` VALUES ('100403329', '130001', 1, '2022-01-01');
INSERT INTO `sc` VALUES ('100403330', '130001', 68, '2022-01-01');
INSERT INTO `sc` VALUES ('100403331', '130001', 66, '2022-01-01');
INSERT INTO `sc` VALUES ('100403332', '130001', 85, '2022-01-01');
INSERT INTO `sc` VALUES ('100403333', '130001', 52, '2022-01-01');
INSERT INTO `sc` VALUES ('100403334', '130001', 50, '2022-01-01');
INSERT INTO `sc` VALUES ('100403335', '130001', 12, '2022-01-01');
INSERT INTO `sc` VALUES ('100403336', '130001', 51, '2022-01-01');
INSERT INTO `sc` VALUES ('100403337', '130001', 54, '2022-01-01');
INSERT INTO `sc` VALUES ('100403338', '130001', 10, '2022-01-01');
INSERT INTO `sc` VALUES ('100403339', '130001', 51, '2022-01-01');
INSERT INTO `sc` VALUES ('100403340', '130001', 1, '2022-01-01');
INSERT INTO `sc` VALUES ('100403341', '130001', 15, '2022-01-01');
INSERT INTO `sc` VALUES ('100403342', '130001', 63, '2022-01-01');
INSERT INTO `sc` VALUES ('100403343', '130001', 53, '2022-01-01');
INSERT INTO `sc` VALUES ('100403344', '130001', 21, '2022-01-01');
INSERT INTO `sc` VALUES ('100403345', '130001', 29, '2022-01-01');
INSERT INTO `sc` VALUES ('100403346', '130001', 29, '2022-01-01');
INSERT INTO `sc` VALUES ('100403347', '130001', 53, '2022-01-01');
INSERT INTO `sc` VALUES ('100403348', '130001', 14, '2022-01-01');
INSERT INTO `sc` VALUES ('100403349', '130001', 22, '2022-01-01');
INSERT INTO `sc` VALUES ('100403350', '130001', 24, '2022-01-01');
INSERT INTO `sc` VALUES ('100403351', '130001', 72, '2022-01-01');
INSERT INTO `sc` VALUES ('100403352', '130001', 29, '2022-01-01');
INSERT INTO `sc` VALUES ('100403353', '130001', 52, '2022-01-01');
INSERT INTO `sc` VALUES ('100403354', '130001', 75, '2022-01-01');
INSERT INTO `sc` VALUES ('100403355', '130001', 88, '2022-01-01');
INSERT INTO `sc` VALUES ('100403356', '130001', 72, '2022-01-01');
INSERT INTO `sc` VALUES ('100403357', '130001', 32, '2022-01-01');
INSERT INTO `sc` VALUES ('100403358', '130001', 32, '2022-01-01');
INSERT INTO `sc` VALUES ('100403359', '130001', 60, '2022-01-01');
INSERT INTO `sc` VALUES ('100403360', '130001', 55, '2022-01-01');
INSERT INTO `sc` VALUES ('100403361', '130001', 82, '2022-01-01');
INSERT INTO `sc` VALUES ('100403362', '130001', 6, '2022-01-01');
INSERT INTO `sc` VALUES ('100403363', '130001', 6, '2022-01-01');
INSERT INTO `sc` VALUES ('100403364', '130001', 70, '2022-01-01');
INSERT INTO `sc` VALUES ('100403365', '130001', 84, '2022-01-01');
INSERT INTO `sc` VALUES ('100403366', '130001', 67, '2022-01-01');
INSERT INTO `sc` VALUES ('100403367', '130001', 56, '2022-01-01');
INSERT INTO `sc` VALUES ('100403368', '130001', 86, '2022-01-01');
INSERT INTO `sc` VALUES ('100403369', '130001', 82, '2022-01-01');
INSERT INTO `sc` VALUES ('100403370', '130001', 7, '2022-01-01');
INSERT INTO `sc` VALUES ('100403371', '130001', 90, '2022-01-01');
INSERT INTO `sc` VALUES ('100403372', '130001', 95, '2022-01-01');
INSERT INTO `sc` VALUES ('100403373', '130001', 30, '2022-01-01');
INSERT INTO `sc` VALUES ('100403374', '130001', 28, '2022-01-01');
INSERT INTO `sc` VALUES ('100403375', '130001', 50, '2022-01-01');
INSERT INTO `sc` VALUES ('100403376', '130001', 12, '2022-01-01');
INSERT INTO `sc` VALUES ('100403377', '130001', 54, '2022-01-01');
INSERT INTO `sc` VALUES ('100403378', '130001', 47, '2022-01-01');
INSERT INTO `sc` VALUES ('100403379', '130001', 46, '2022-01-01');
INSERT INTO `sc` VALUES ('100403380', '130001', 45, '2022-01-01');
INSERT INTO `sc` VALUES ('100403381', '130001', 16, '2022-01-01');
INSERT INTO `sc` VALUES ('100403382', '130001', 86, '2022-01-01');
INSERT INTO `sc` VALUES ('100403383', '130001', 78, '2022-01-01');
INSERT INTO `sc` VALUES ('100403384', '130001', 66, '2022-01-01');
INSERT INTO `sc` VALUES ('100403385', '130001', 22, '2022-01-01');
INSERT INTO `sc` VALUES ('100403386', '130001', 64, '2022-01-01');
INSERT INTO `sc` VALUES ('100403387', '130001', 6, '2022-01-01');
INSERT INTO `sc` VALUES ('100403388', '130001', 50, '2022-01-01');
INSERT INTO `sc` VALUES ('100403389', '130001', 95, '2022-01-01');
INSERT INTO `sc` VALUES ('100403390', '130001', 34, '2022-01-01');
INSERT INTO `sc` VALUES ('100403391', '130001', 41, '2022-01-01');
INSERT INTO `sc` VALUES ('100403392', '130001', 15, '2022-01-01');
INSERT INTO `sc` VALUES ('100403393', '130001', 8, '2022-01-01');
INSERT INTO `sc` VALUES ('100403394', '130001', 52, '2022-01-01');
INSERT INTO `sc` VALUES ('100403395', '130001', 95, '2022-01-01');
INSERT INTO `sc` VALUES ('100403396', '130001', 39, '2022-01-01');
INSERT INTO `sc` VALUES ('100403397', '130001', 59, '2022-01-01');
INSERT INTO `sc` VALUES ('100403398', '130001', 3, '2022-01-01');
INSERT INTO `sc` VALUES ('100403399', '130001', 16, '2022-01-01');
INSERT INTO `sc` VALUES ('100403400', '130001', 90, '2022-01-01');
INSERT INTO `sc` VALUES ('100403401', '130001', 25, '2022-01-01');
INSERT INTO `sc` VALUES ('100403402', '130001', 58, '2022-01-01');
INSERT INTO `sc` VALUES ('100403403', '130001', 53, '2022-01-01');
INSERT INTO `sc` VALUES ('100403404', '130001', 28, '2022-01-01');
INSERT INTO `sc` VALUES ('100403405', '130001', 80, '2022-01-01');
INSERT INTO `sc` VALUES ('100403406', '130001', 69, '2022-01-01');
INSERT INTO `sc` VALUES ('100403407', '130001', 41, '2022-01-01');
INSERT INTO `sc` VALUES ('100403408', '130001', 44, '2022-01-01');
INSERT INTO `sc` VALUES ('100403409', '130001', 18, '2022-01-01');
INSERT INTO `sc` VALUES ('100403410', '130001', 86, '2022-01-01');
INSERT INTO `sc` VALUES ('100403411', '130001', 14, '2022-01-01');
INSERT INTO `sc` VALUES ('100403412', '130001', 4, '2022-01-01');
INSERT INTO `sc` VALUES ('100403413', '130001', 68, '2022-01-01');
INSERT INTO `sc` VALUES ('100403414', '130001', 93, '2022-01-01');
INSERT INTO `sc` VALUES ('100403415', '130001', 35, '2022-01-01');
INSERT INTO `sc` VALUES ('100403416', '130001', 83, '2022-01-01');
INSERT INTO `sc` VALUES ('100403417', '130001', 36, '2022-01-01');
INSERT INTO `sc` VALUES ('100403418', '130001', 90, '2022-01-01');
INSERT INTO `sc` VALUES ('100403419', '130001', 98, '2022-01-01');
INSERT INTO `sc` VALUES ('100403420', '130001', 37, '2022-01-01');
INSERT INTO `sc` VALUES ('100403421', '130001', 55, '2022-01-01');
INSERT INTO `sc` VALUES ('100403422', '130001', 16, '2022-01-01');
INSERT INTO `sc` VALUES ('100403423', '130001', 59, '2022-01-01');
INSERT INTO `sc` VALUES ('100403424', '130001', 33, '2022-01-01');
INSERT INTO `sc` VALUES ('100403425', '130001', 14, '2022-01-01');
INSERT INTO `sc` VALUES ('100403426', '130001', 88, '2022-01-01');
INSERT INTO `sc` VALUES ('100403427', '130001', 57, '2022-01-01');
INSERT INTO `sc` VALUES ('100403428', '130001', 9, '2022-01-01');
INSERT INTO `sc` VALUES ('100403429', '130001', 15, '2022-01-01');
INSERT INTO `sc` VALUES ('100403430', '130001', 79, '2022-01-01');
INSERT INTO `sc` VALUES ('100403431', '130001', 79, '2022-01-01');
INSERT INTO `sc` VALUES ('100403432', '130001', 11, '2022-01-01');
INSERT INTO `sc` VALUES ('100403433', '130001', 92, '2022-01-01');
INSERT INTO `sc` VALUES ('100403434', '130001', 47, '2022-01-01');
INSERT INTO `sc` VALUES ('100403435', '130001', 28, '2022-01-01');
INSERT INTO `sc` VALUES ('100403436', '130001', 69, '2022-01-01');
INSERT INTO `sc` VALUES ('100403437', '130001', 70, '2022-01-01');
INSERT INTO `sc` VALUES ('100403438', '130001', 73, '2022-01-01');
INSERT INTO `sc` VALUES ('100403439', '130001', 83, '2022-01-01');
INSERT INTO `sc` VALUES ('100403440', '130001', 24, '2022-01-01');
INSERT INTO `sc` VALUES ('100403441', '130001', 58, '2022-01-01');
INSERT INTO `sc` VALUES ('100403442', '130001', 78, '2022-01-01');
INSERT INTO `sc` VALUES ('100403443', '130001', 16, '2022-01-01');
INSERT INTO `sc` VALUES ('100403444', '130001', 77, '2022-01-01');
INSERT INTO `sc` VALUES ('100403445', '130001', 4, '2022-01-01');
INSERT INTO `sc` VALUES ('100403446', '130001', 74, '2022-01-01');
INSERT INTO `sc` VALUES ('100403447', '130001', 66, '2022-01-01');
INSERT INTO `sc` VALUES ('100403448', '130001', 5, '2022-01-01');
INSERT INTO `sc` VALUES ('100403449', '130001', 17, '2022-01-01');
INSERT INTO `sc` VALUES ('100403450', '130001', 96, '2022-01-01');
INSERT INTO `sc` VALUES ('100403451', '130001', 80, '2022-01-01');
INSERT INTO `sc` VALUES ('100403452', '130001', 75, '2022-01-01');
INSERT INTO `sc` VALUES ('100403453', '130001', 56, '2022-01-01');
INSERT INTO `sc` VALUES ('100403454', '130001', 67, '2022-01-01');
INSERT INTO `sc` VALUES ('100403455', '130001', 36, '2022-01-01');
INSERT INTO `sc` VALUES ('100403456', '130001', 53, '2022-01-01');
INSERT INTO `sc` VALUES ('100403457', '130001', 41, '2022-01-01');
INSERT INTO `sc` VALUES ('100403458', '130001', 41, '2022-01-01');
INSERT INTO `sc` VALUES ('100403459', '130001', 92, '2022-01-01');
INSERT INTO `sc` VALUES ('100403460', '130001', 16, '2022-01-01');
INSERT INTO `sc` VALUES ('100403461', '130001', 66, '2022-01-01');
INSERT INTO `sc` VALUES ('100403462', '130001', 27, '2022-01-01');
INSERT INTO `sc` VALUES ('100403463', '130001', 56, '2022-01-01');
INSERT INTO `sc` VALUES ('100403464', '130001', 81, '2022-01-01');
INSERT INTO `sc` VALUES ('100403465', '130001', 58, '2022-01-01');
INSERT INTO `sc` VALUES ('100403466', '130001', 15, '2022-01-01');
INSERT INTO `sc` VALUES ('100403467', '130001', 81, '2022-01-01');
INSERT INTO `sc` VALUES ('100403468', '130001', 15, '2022-01-01');
INSERT INTO `sc` VALUES ('100403469', '130001', 42, '2022-01-01');
INSERT INTO `sc` VALUES ('100403470', '130001', 32, '2022-01-01');
INSERT INTO `sc` VALUES ('100403471', '130001', 62, '2022-01-01');
INSERT INTO `sc` VALUES ('100403472', '130001', 27, '2022-01-01');
INSERT INTO `sc` VALUES ('100403473', '130001', 2, '2022-01-01');
INSERT INTO `sc` VALUES ('100403474', '130001', 52, '2022-01-01');
INSERT INTO `sc` VALUES ('100403475', '130001', 37, '2022-01-01');
INSERT INTO `sc` VALUES ('100403476', '130001', 41, '2022-01-01');
INSERT INTO `sc` VALUES ('100403477', '130001', 27, '2022-01-01');
INSERT INTO `sc` VALUES ('100403478', '130001', 42, '2022-01-01');
INSERT INTO `sc` VALUES ('100403479', '130001', 8, '2022-01-01');
INSERT INTO `sc` VALUES ('100403480', '130001', 81, '2022-01-01');
INSERT INTO `sc` VALUES ('100403481', '130001', 67, '2022-01-01');
INSERT INTO `sc` VALUES ('100403482', '130001', 20, '2022-01-01');
INSERT INTO `sc` VALUES ('100403483', '130001', 51, '2022-01-01');
INSERT INTO `sc` VALUES ('100403484', '130001', 18, '2022-01-01');
INSERT INTO `sc` VALUES ('100403485', '130001', 83, '2022-01-01');
INSERT INTO `sc` VALUES ('100403486', '130001', 9, '2022-01-01');
INSERT INTO `sc` VALUES ('100403487', '130001', 17, '2022-01-01');
INSERT INTO `sc` VALUES ('100403488', '130001', 21, '2022-01-01');
INSERT INTO `sc` VALUES ('100403489', '130001', 23, '2022-01-01');
INSERT INTO `sc` VALUES ('100403490', '130001', 44, '2022-01-01');
INSERT INTO `sc` VALUES ('100403491', '130001', 69, '2022-01-01');
INSERT INTO `sc` VALUES ('100403492', '130001', 46, '2022-01-01');
INSERT INTO `sc` VALUES ('100403493', '130001', 14, '2022-01-01');
INSERT INTO `sc` VALUES ('100403494', '130001', 50, '2022-01-01');
INSERT INTO `sc` VALUES ('100403495', '130001', 70, '2022-01-01');
INSERT INTO `sc` VALUES ('100403496', '130001', 46, '2022-01-01');
INSERT INTO `sc` VALUES ('100403497', '130001', 73, '2022-01-01');
INSERT INTO `sc` VALUES ('100403498', '130001', 85, '2022-01-01');
INSERT INTO `sc` VALUES ('100403499', '130001', 43, '2022-01-01');
INSERT INTO `sc` VALUES ('100403500', '130001', 7, '2022-01-01');
INSERT INTO `sc` VALUES ('100403501', '130001', 62, '2022-01-01');
INSERT INTO `sc` VALUES ('100403502', '130001', 76, '2022-01-01');
INSERT INTO `sc` VALUES ('100403503', '130001', 25, '2022-01-01');
INSERT INTO `sc` VALUES ('100403504', '130001', 92, '2022-01-01');
INSERT INTO `sc` VALUES ('100403505', '130001', 2, '2022-01-01');
INSERT INTO `sc` VALUES ('100403506', '130001', 47, '2022-01-01');
INSERT INTO `sc` VALUES ('100403507', '130001', 56, '2022-01-01');
INSERT INTO `sc` VALUES ('100403508', '130001', 32, '2022-01-01');
INSERT INTO `sc` VALUES ('100403509', '130001', 89, '2022-01-01');
INSERT INTO `sc` VALUES ('100403510', '130001', 18, '2022-01-01');
INSERT INTO `sc` VALUES ('100403511', '130001', 32, '2022-01-01');
INSERT INTO `sc` VALUES ('100403512', '130001', 83, '2022-01-01');
INSERT INTO `sc` VALUES ('100403513', '130001', 21, '2022-01-01');
INSERT INTO `sc` VALUES ('100403514', '130001', 94, '2022-01-01');
INSERT INTO `sc` VALUES ('100403515', '130001', 35, '2022-01-01');
INSERT INTO `sc` VALUES ('100403516', '130001', 14, '2022-01-01');
INSERT INTO `sc` VALUES ('100403517', '130001', 39, '2022-01-01');
INSERT INTO `sc` VALUES ('100403518', '130001', 63, '2022-01-01');
INSERT INTO `sc` VALUES ('100403519', '130001', 67, '2022-01-01');
INSERT INTO `sc` VALUES ('100403520', '130001', 66, '2022-01-01');
INSERT INTO `sc` VALUES ('100403521', '130001', 71, '2022-01-01');
INSERT INTO `sc` VALUES ('100403522', '130001', 83, '2022-01-01');
INSERT INTO `sc` VALUES ('100403523', '130001', 33, '2022-01-01');
INSERT INTO `sc` VALUES ('100403524', '130001', 65, '2022-01-01');
INSERT INTO `sc` VALUES ('100403525', '130001', 30, '2022-01-01');
INSERT INTO `sc` VALUES ('100403526', '130001', 96, '2022-01-01');
INSERT INTO `sc` VALUES ('100403527', '130001', 51, '2022-01-01');
INSERT INTO `sc` VALUES ('100403528', '130001', 24, '2022-01-01');
INSERT INTO `sc` VALUES ('100403529', '130001', 83, '2022-01-01');
INSERT INTO `sc` VALUES ('100403530', '130001', 9, '2022-01-01');
INSERT INTO `sc` VALUES ('100403531', '130001', 74, '2022-01-01');
INSERT INTO `sc` VALUES ('100403532', '130001', 63, '2022-01-01');
INSERT INTO `sc` VALUES ('100403533', '130001', 88, '2022-01-01');
INSERT INTO `sc` VALUES ('100403534', '130001', 69, '2022-01-01');
INSERT INTO `sc` VALUES ('100403535', '130001', 72, '2022-01-01');
INSERT INTO `sc` VALUES ('100403536', '130001', 38, '2022-01-01');
INSERT INTO `sc` VALUES ('100403537', '130001', 54, '2022-01-01');
INSERT INTO `sc` VALUES ('100403538', '130001', 44, '2022-01-01');
INSERT INTO `sc` VALUES ('100403539', '130001', 70, '2022-01-01');
INSERT INTO `sc` VALUES ('100403540', '130001', 90, '2022-01-01');
INSERT INTO `sc` VALUES ('100403541', '130001', 48, '2022-01-01');
INSERT INTO `sc` VALUES ('100403542', '130001', 81, '2022-01-01');
INSERT INTO `sc` VALUES ('100403543', '130001', 13, '2022-01-01');
INSERT INTO `sc` VALUES ('100403544', '130001', 56, '2022-01-01');
INSERT INTO `sc` VALUES ('100403545', '130001', 21, '2022-01-01');
INSERT INTO `sc` VALUES ('100403546', '130001', 20, '2022-01-01');
INSERT INTO `sc` VALUES ('100403547', '130001', 6, '2022-01-01');
INSERT INTO `sc` VALUES ('100403548', '130001', 86, '2022-01-01');
INSERT INTO `sc` VALUES ('100403549', '130001', 11, '2022-01-01');
INSERT INTO `sc` VALUES ('100403550', '130001', 57, '2022-01-01');
INSERT INTO `sc` VALUES ('100403551', '130001', 16, '2022-01-01');
INSERT INTO `sc` VALUES ('100403552', '130001', 49, '2022-01-01');
INSERT INTO `sc` VALUES ('100403553', '130001', 84, '2022-01-01');
INSERT INTO `sc` VALUES ('100403554', '130001', 61, '2022-01-01');
INSERT INTO `sc` VALUES ('100403555', '130001', 2, '2022-01-01');
INSERT INTO `sc` VALUES ('100403556', '130001', 68, '2022-01-01');
INSERT INTO `sc` VALUES ('100403557', '130001', 65, '2022-01-01');
INSERT INTO `sc` VALUES ('100403558', '130001', 34, '2022-01-01');
INSERT INTO `sc` VALUES ('100403559', '130001', 42, '2022-01-01');
INSERT INTO `sc` VALUES ('100403560', '130001', 14, '2022-01-01');
INSERT INTO `sc` VALUES ('100403561', '130001', 14, '2022-01-01');
INSERT INTO `sc` VALUES ('100403562', '130001', 52, '2022-01-01');
INSERT INTO `sc` VALUES ('100403563', '130001', 59, '2022-01-01');
INSERT INTO `sc` VALUES ('100403564', '130001', 24, '2022-01-01');
INSERT INTO `sc` VALUES ('100403565', '130001', 54, '2022-01-01');
INSERT INTO `sc` VALUES ('100403566', '130001', 77, '2022-01-01');
INSERT INTO `sc` VALUES ('100403567', '130001', 87, '2022-01-01');
INSERT INTO `sc` VALUES ('100403568', '130001', 94, '2022-01-01');
INSERT INTO `sc` VALUES ('100403569', '130001', 62, '2022-01-01');
INSERT INTO `sc` VALUES ('100403570', '130001', 94, '2022-01-01');
INSERT INTO `sc` VALUES ('100403571', '130001', 34, '2022-01-01');
INSERT INTO `sc` VALUES ('100403572', '130001', 64, '2022-01-01');
INSERT INTO `sc` VALUES ('100403573', '130001', 3, '2022-01-01');
INSERT INTO `sc` VALUES ('100403574', '130001', 33, '2022-01-01');
INSERT INTO `sc` VALUES ('100403575', '130001', 20, '2022-01-01');
INSERT INTO `sc` VALUES ('100403576', '130001', 3, '2022-01-01');
INSERT INTO `sc` VALUES ('100403577', '130001', 65, '2022-01-01');
INSERT INTO `sc` VALUES ('100403578', '130001', 52, '2022-01-01');
INSERT INTO `sc` VALUES ('100403579', '130001', 58, '2022-01-01');
INSERT INTO `sc` VALUES ('100403580', '130001', 53, '2022-01-01');
INSERT INTO `sc` VALUES ('100403581', '130001', 27, '2022-01-01');
INSERT INTO `sc` VALUES ('100403582', '130001', 3, '2022-01-01');
INSERT INTO `sc` VALUES ('100403583', '130001', 52, '2022-01-01');
INSERT INTO `sc` VALUES ('100403584', '130001', 10, '2022-01-01');
INSERT INTO `sc` VALUES ('100403585', '130001', 21, '2022-01-01');
INSERT INTO `sc` VALUES ('100403586', '130001', 99, '2022-01-01');
INSERT INTO `sc` VALUES ('100403587', '130001', 14, '2022-01-01');
INSERT INTO `sc` VALUES ('100403588', '130001', 80, '2022-01-01');
INSERT INTO `sc` VALUES ('100403589', '130001', 38, '2022-01-01');
INSERT INTO `sc` VALUES ('100403590', '130001', 32, '2022-01-01');
INSERT INTO `sc` VALUES ('100403591', '130001', 34, '2022-01-01');
INSERT INTO `sc` VALUES ('100403592', '130001', 70, '2022-01-01');
INSERT INTO `sc` VALUES ('100403593', '130001', 45, '2022-01-01');
INSERT INTO `sc` VALUES ('100403594', '130001', 12, '2022-01-01');
INSERT INTO `sc` VALUES ('100403595', '130001', 91, '2022-01-01');
INSERT INTO `sc` VALUES ('100403596', '130001', 59, '2022-01-01');
INSERT INTO `sc` VALUES ('100403597', '130001', 59, '2022-01-01');
INSERT INTO `sc` VALUES ('100403598', '130001', 32, '2022-01-01');
INSERT INTO `sc` VALUES ('100403599', '130001', 43, '2022-01-01');
INSERT INTO `sc` VALUES ('100403600', '130001', 70, '2022-01-01');
INSERT INTO `sc` VALUES ('100403601', '130001', 45, '2022-01-01');
INSERT INTO `sc` VALUES ('100403602', '130001', 40, '2022-01-01');
INSERT INTO `sc` VALUES ('100403603', '130001', 10, '2022-01-01');
INSERT INTO `sc` VALUES ('100403604', '130001', 93, '2022-01-01');
INSERT INTO `sc` VALUES ('100403605', '130001', 8, '2022-01-01');
INSERT INTO `sc` VALUES ('100403606', '130001', 29, '2022-01-01');
INSERT INTO `sc` VALUES ('100403607', '130001', 22, '2022-01-01');
INSERT INTO `sc` VALUES ('100403608', '130001', 49, '2022-01-01');
INSERT INTO `sc` VALUES ('100403609', '130001', 55, '2022-01-01');
INSERT INTO `sc` VALUES ('100403610', '130001', 56, '2022-01-01');
INSERT INTO `sc` VALUES ('100403611', '130001', 9, '2022-01-01');
INSERT INTO `sc` VALUES ('100403612', '130001', 98, '2022-01-01');
INSERT INTO `sc` VALUES ('100403613', '130001', 32, '2022-01-01');
INSERT INTO `sc` VALUES ('100403614', '130001', 91, '2022-01-01');
INSERT INTO `sc` VALUES ('100403615', '130001', 39, '2022-01-01');
INSERT INTO `sc` VALUES ('100403616', '130001', 81, '2022-01-01');
INSERT INTO `sc` VALUES ('100403617', '130001', 74, '2022-01-01');
INSERT INTO `sc` VALUES ('100403618', '130001', 3, '2022-01-01');
INSERT INTO `sc` VALUES ('100403619', '130001', 68, '2022-01-01');
INSERT INTO `sc` VALUES ('100403620', '130001', 87, '2022-01-01');
INSERT INTO `sc` VALUES ('100403621', '130001', 73, '2022-01-01');
INSERT INTO `sc` VALUES ('100403622', '130001', 46, '2022-01-01');
INSERT INTO `sc` VALUES ('100403623', '130001', 72, '2022-01-01');
INSERT INTO `sc` VALUES ('100403624', '130001', 1, '2022-01-01');
INSERT INTO `sc` VALUES ('100403625', '130001', 70, '2022-01-01');
INSERT INTO `sc` VALUES ('100403626', '130001', 12, '2022-01-01');
INSERT INTO `sc` VALUES ('100403627', '130001', 76, '2022-01-01');
INSERT INTO `sc` VALUES ('100403628', '130001', 53, '2022-01-01');
INSERT INTO `sc` VALUES ('100403629', '130001', 58, '2022-01-01');
INSERT INTO `sc` VALUES ('100403630', '130001', 21, '2022-01-01');
INSERT INTO `sc` VALUES ('100403631', '130001', 89, '2022-01-01');
INSERT INTO `sc` VALUES ('100403632', '130001', 45, '2022-01-01');
INSERT INTO `sc` VALUES ('100403633', '130001', 95, '2022-01-01');
INSERT INTO `sc` VALUES ('100403634', '130001', 75, '2022-01-01');
INSERT INTO `sc` VALUES ('100403635', '130001', 36, '2022-01-01');
INSERT INTO `sc` VALUES ('100403636', '130001', 5, '2022-01-01');
INSERT INTO `sc` VALUES ('100403637', '130001', 28, '2022-01-01');
INSERT INTO `sc` VALUES ('100403638', '130001', 23, '2022-01-01');
INSERT INTO `sc` VALUES ('100403639', '130001', 3, '2022-01-01');
INSERT INTO `sc` VALUES ('100403640', '130001', 29, '2022-01-01');
INSERT INTO `sc` VALUES ('100403641', '130001', 29, '2022-01-01');
INSERT INTO `sc` VALUES ('100403642', '130001', 59, '2022-01-01');
INSERT INTO `sc` VALUES ('100403643', '130001', 92, '2022-01-01');
INSERT INTO `sc` VALUES ('100403644', '130001', 74, '2022-01-01');
INSERT INTO `sc` VALUES ('100403645', '130001', 54, '2022-01-01');
INSERT INTO `sc` VALUES ('100403646', '130001', 17, '2022-01-01');
INSERT INTO `sc` VALUES ('100403647', '130001', 79, '2022-01-01');
INSERT INTO `sc` VALUES ('100403648', '130001', 66, '2022-01-01');
INSERT INTO `sc` VALUES ('100403649', '130001', 2, '2022-01-01');
INSERT INTO `sc` VALUES ('100403650', '130001', 70, '2022-01-01');
INSERT INTO `sc` VALUES ('100403651', '130001', 96, '2022-01-01');
INSERT INTO `sc` VALUES ('100403652', '130001', 46, '2022-01-01');
INSERT INTO `sc` VALUES ('100403653', '130001', 95, '2022-01-01');
INSERT INTO `sc` VALUES ('100403654', '130001', 27, '2022-01-01');
INSERT INTO `sc` VALUES ('100403655', '130001', 90, '2022-01-01');
INSERT INTO `sc` VALUES ('100403656', '130001', 71, '2022-01-01');
INSERT INTO `sc` VALUES ('100403657', '130001', 36, '2022-01-01');
INSERT INTO `sc` VALUES ('100403658', '130001', 30, '2022-01-01');
INSERT INTO `sc` VALUES ('100403659', '130001', 41, '2022-01-01');
INSERT INTO `sc` VALUES ('100403660', '130001', 6, '2022-01-01');
INSERT INTO `sc` VALUES ('100403661', '130001', 94, '2022-01-01');
INSERT INTO `sc` VALUES ('100403662', '130001', 66, '2022-01-01');
INSERT INTO `sc` VALUES ('100403663', '130001', 70, '2022-01-01');
INSERT INTO `sc` VALUES ('100403664', '130001', 41, '2022-01-01');
INSERT INTO `sc` VALUES ('100403665', '130001', 74, '2022-01-01');
INSERT INTO `sc` VALUES ('100403666', '130001', 46, '2022-01-01');
INSERT INTO `sc` VALUES ('100403667', '130001', 58, '2022-01-01');
INSERT INTO `sc` VALUES ('100403668', '130001', 89, '2022-01-01');
INSERT INTO `sc` VALUES ('100403669', '130001', 96, '2022-01-01');
INSERT INTO `sc` VALUES ('100403670', '130001', 73, '2022-01-01');
INSERT INTO `sc` VALUES ('100403671', '130001', 93, '2022-01-01');
INSERT INTO `sc` VALUES ('100403672', '130001', 76, '2022-01-01');
INSERT INTO `sc` VALUES ('100403673', '130001', 37, '2022-01-01');
INSERT INTO `sc` VALUES ('100403674', '130001', 4, '2022-01-01');
INSERT INTO `sc` VALUES ('100403675', '130001', 79, '2022-01-01');
INSERT INTO `sc` VALUES ('100403676', '130001', 32, '2022-01-01');
INSERT INTO `sc` VALUES ('100403677', '130001', 9, '2022-01-01');
INSERT INTO `sc` VALUES ('100403678', '130001', 92, '2022-01-01');
INSERT INTO `sc` VALUES ('100403679', '130001', 44, '2022-01-01');
INSERT INTO `sc` VALUES ('100403680', '130001', 39, '2022-01-01');
INSERT INTO `sc` VALUES ('100403681', '130001', 23, '2022-01-01');
INSERT INTO `sc` VALUES ('100403682', '130001', 87, '2022-01-01');
INSERT INTO `sc` VALUES ('100403683', '130001', 13, '2022-01-01');
INSERT INTO `sc` VALUES ('100403684', '130001', 17, '2022-01-01');
INSERT INTO `sc` VALUES ('100403685', '130001', 53, '2022-01-01');
INSERT INTO `sc` VALUES ('100403686', '130001', 54, '2022-01-01');
INSERT INTO `sc` VALUES ('100403687', '130001', 77, '2022-01-01');
INSERT INTO `sc` VALUES ('100403688', '130001', 13, '2022-01-01');
INSERT INTO `sc` VALUES ('100403689', '130001', 36, '2022-01-01');
INSERT INTO `sc` VALUES ('100403690', '130001', 20, '2022-01-01');
INSERT INTO `sc` VALUES ('100403691', '130001', 89, '2022-01-01');
INSERT INTO `sc` VALUES ('100403692', '130001', 46, '2022-01-01');
INSERT INTO `sc` VALUES ('100403693', '130001', 71, '2022-01-01');
INSERT INTO `sc` VALUES ('100403694', '130001', 90, '2022-01-01');
INSERT INTO `sc` VALUES ('100403695', '130001', 50, '2022-01-01');
INSERT INTO `sc` VALUES ('100403696', '130001', 17, '2022-01-01');
INSERT INTO `sc` VALUES ('100403697', '130001', 49, '2022-01-01');
INSERT INTO `sc` VALUES ('100403698', '130001', 67, '2022-01-01');
INSERT INTO `sc` VALUES ('100403699', '130001', 8, '2022-01-01');
INSERT INTO `sc` VALUES ('100403700', '130001', 13, '2022-01-01');
INSERT INTO `sc` VALUES ('100403701', '130001', 19, '2022-01-01');
INSERT INTO `sc` VALUES ('100403702', '130001', 41, '2022-01-01');
INSERT INTO `sc` VALUES ('100403703', '130001', 93, '2022-01-01');
INSERT INTO `sc` VALUES ('100403704', '130001', 82, '2022-01-01');
INSERT INTO `sc` VALUES ('100403705', '130001', 48, '2022-01-01');
INSERT INTO `sc` VALUES ('100403706', '130001', 18, '2022-01-01');
INSERT INTO `sc` VALUES ('100403707', '130001', 18, '2022-01-01');
INSERT INTO `sc` VALUES ('100403708', '130001', 87, '2022-01-01');
INSERT INTO `sc` VALUES ('100403709', '130001', 9, '2022-01-01');
INSERT INTO `sc` VALUES ('100403710', '130001', 83, '2022-01-01');
INSERT INTO `sc` VALUES ('100403711', '130001', 9, '2022-01-01');
INSERT INTO `sc` VALUES ('100403712', '130001', 74, '2022-01-01');
INSERT INTO `sc` VALUES ('100403713', '130001', 47, '2022-01-01');
INSERT INTO `sc` VALUES ('100403714', '130001', 90, '2022-01-01');
INSERT INTO `sc` VALUES ('100403715', '130001', 1, '2022-01-01');
INSERT INTO `sc` VALUES ('100403716', '130001', 15, '2022-01-01');
INSERT INTO `sc` VALUES ('100403717', '130001', 43, '2022-01-01');
INSERT INTO `sc` VALUES ('100403718', '130001', 34, '2022-01-01');
INSERT INTO `sc` VALUES ('100403719', '130001', 53, '2022-01-01');
INSERT INTO `sc` VALUES ('100403720', '130001', 1, '2022-01-01');
INSERT INTO `sc` VALUES ('100403721', '130001', 64, '2022-01-01');
INSERT INTO `sc` VALUES ('100403722', '130001', 94, '2022-01-01');
INSERT INTO `sc` VALUES ('100403723', '130001', 96, '2022-01-01');
INSERT INTO `sc` VALUES ('100403724', '130001', 51, '2022-01-01');
INSERT INTO `sc` VALUES ('100403725', '130001', 74, '2022-01-01');
INSERT INTO `sc` VALUES ('100403726', '130001', 74, '2022-01-01');
INSERT INTO `sc` VALUES ('100403727', '130001', 89, '2022-01-01');
INSERT INTO `sc` VALUES ('100403728', '130001', 78, '2022-01-01');
INSERT INTO `sc` VALUES ('100403729', '130001', 34, '2022-01-01');
INSERT INTO `sc` VALUES ('100403730', '130001', 57, '2022-01-01');
INSERT INTO `sc` VALUES ('100403731', '130001', 10, '2022-01-01');
INSERT INTO `sc` VALUES ('100403732', '130001', 69, '2022-01-01');
INSERT INTO `sc` VALUES ('100403733', '130001', 79, '2022-01-01');
INSERT INTO `sc` VALUES ('100403734', '130001', 98, '2022-01-01');
INSERT INTO `sc` VALUES ('100403735', '130001', 90, '2022-01-01');
INSERT INTO `sc` VALUES ('100403736', '130001', 18, '2022-01-01');
INSERT INTO `sc` VALUES ('100403737', '130001', 73, '2022-01-01');
INSERT INTO `sc` VALUES ('100403738', '130001', 93, '2022-01-01');
INSERT INTO `sc` VALUES ('100403739', '130001', 95, '2022-01-01');
INSERT INTO `sc` VALUES ('100403740', '130001', 74, '2022-01-01');
INSERT INTO `sc` VALUES ('100403741', '130001', 51, '2022-01-01');
INSERT INTO `sc` VALUES ('100403742', '130001', 20, '2022-01-01');
INSERT INTO `sc` VALUES ('100403743', '130001', 86, '2022-01-01');
INSERT INTO `sc` VALUES ('100403744', '130001', 18, '2022-01-01');
INSERT INTO `sc` VALUES ('100403745', '130001', 92, '2022-01-01');
INSERT INTO `sc` VALUES ('100403746', '130001', 43, '2022-01-01');
INSERT INTO `sc` VALUES ('100403747', '130001', 42, '2022-01-01');
INSERT INTO `sc` VALUES ('100403748', '130001', 77, '2022-01-01');
INSERT INTO `sc` VALUES ('100403749', '130001', 88, '2022-01-01');
INSERT INTO `sc` VALUES ('100403750', '130001', 17, '2022-01-01');
INSERT INTO `sc` VALUES ('100403751', '130001', 35, '2022-01-01');
INSERT INTO `sc` VALUES ('100403752', '130001', 61, '2022-01-01');
INSERT INTO `sc` VALUES ('100403753', '130001', 55, '2022-01-01');
INSERT INTO `sc` VALUES ('100403754', '130001', 41, '2022-01-01');
INSERT INTO `sc` VALUES ('100403755', '130001', 65, '2022-01-01');
INSERT INTO `sc` VALUES ('100403756', '130001', 28, '2022-01-01');
INSERT INTO `sc` VALUES ('100403757', '130001', 64, '2022-01-01');
INSERT INTO `sc` VALUES ('100403758', '130001', 64, '2022-01-01');
INSERT INTO `sc` VALUES ('100403759', '130001', 47, '2022-01-01');
INSERT INTO `sc` VALUES ('100403760', '130001', 38, '2022-01-01');
INSERT INTO `sc` VALUES ('100403761', '130001', 97, '2022-01-01');
INSERT INTO `sc` VALUES ('100403762', '130001', 40, '2022-01-01');
INSERT INTO `sc` VALUES ('100403763', '130001', 73, '2022-01-01');
INSERT INTO `sc` VALUES ('100403764', '130001', 42, '2022-01-01');
INSERT INTO `sc` VALUES ('100403765', '130001', 33, '2022-01-01');
INSERT INTO `sc` VALUES ('100403766', '130001', 3, '2022-01-01');
INSERT INTO `sc` VALUES ('100403767', '130001', 62, '2022-01-01');
INSERT INTO `sc` VALUES ('100403768', '130001', 23, '2022-01-01');
INSERT INTO `sc` VALUES ('100403769', '130001', 36, '2022-01-01');
INSERT INTO `sc` VALUES ('100403770', '130001', 87, '2022-01-01');
INSERT INTO `sc` VALUES ('100403771', '130001', 52, '2022-01-01');
INSERT INTO `sc` VALUES ('100403772', '130001', 61, '2022-01-01');
INSERT INTO `sc` VALUES ('100403773', '130001', 83, '2022-01-01');
INSERT INTO `sc` VALUES ('100403774', '130001', 9, '2022-01-01');
INSERT INTO `sc` VALUES ('100403775', '130001', 54, '2022-01-01');
INSERT INTO `sc` VALUES ('100403776', '130001', 87, '2022-01-01');
INSERT INTO `sc` VALUES ('100403777', '130001', 66, '2022-01-01');
INSERT INTO `sc` VALUES ('100403778', '130001', 81, '2022-01-01');
INSERT INTO `sc` VALUES ('100403779', '130001', 31, '2022-01-01');
INSERT INTO `sc` VALUES ('100403780', '130001', 58, '2022-01-01');
INSERT INTO `sc` VALUES ('100403781', '130001', 35, '2022-01-01');
INSERT INTO `sc` VALUES ('100403782', '130001', 43, '2022-01-01');
INSERT INTO `sc` VALUES ('100403783', '130001', 68, '2022-01-01');
INSERT INTO `sc` VALUES ('100403784', '130001', 37, '2022-01-01');
INSERT INTO `sc` VALUES ('100403785', '130001', 22, '2022-01-01');
INSERT INTO `sc` VALUES ('100403786', '130001', 38, '2022-01-01');
INSERT INTO `sc` VALUES ('100403787', '130001', 64, '2022-01-01');
INSERT INTO `sc` VALUES ('100403788', '130001', 88, '2022-01-01');
INSERT INTO `sc` VALUES ('100403789', '130001', 7, '2022-01-01');
INSERT INTO `sc` VALUES ('100403790', '130001', 71, '2022-01-01');
INSERT INTO `sc` VALUES ('100403791', '130001', 70, '2022-01-01');
INSERT INTO `sc` VALUES ('100403792', '130001', 21, '2022-01-01');
INSERT INTO `sc` VALUES ('100403793', '130001', 38, '2022-01-01');
INSERT INTO `sc` VALUES ('100403794', '130001', 48, '2022-01-01');
INSERT INTO `sc` VALUES ('100403795', '130001', 97, '2022-01-01');
INSERT INTO `sc` VALUES ('100403796', '130001', 20, '2022-01-01');
INSERT INTO `sc` VALUES ('100403797', '130001', 3, '2022-01-01');
INSERT INTO `sc` VALUES ('100403798', '130001', 55, '2022-01-01');
INSERT INTO `sc` VALUES ('100403799', '130001', 8, '2022-01-01');
INSERT INTO `sc` VALUES ('100403800', '130001', 92, '2022-01-01');
INSERT INTO `sc` VALUES ('100403801', '130001', 7, '2022-01-01');
INSERT INTO `sc` VALUES ('100403802', '130001', 44, '2022-01-01');
INSERT INTO `sc` VALUES ('100403803', '130001', 28, '2022-01-01');
INSERT INTO `sc` VALUES ('100403804', '130001', 94, '2022-01-01');
INSERT INTO `sc` VALUES ('100403805', '130001', 17, '2022-01-01');
INSERT INTO `sc` VALUES ('100403806', '130001', 78, '2022-01-01');
INSERT INTO `sc` VALUES ('100403807', '130001', 86, '2022-01-01');
INSERT INTO `sc` VALUES ('100403808', '130001', 96, '2022-01-01');
INSERT INTO `sc` VALUES ('100403809', '130001', 22, '2022-01-01');
INSERT INTO `sc` VALUES ('100403810', '130001', 91, '2022-01-01');
INSERT INTO `sc` VALUES ('100403811', '130001', 18, '2022-01-01');
INSERT INTO `sc` VALUES ('100403812', '130001', 8, '2022-01-01');
INSERT INTO `sc` VALUES ('100403813', '130001', 30, '2022-01-01');
INSERT INTO `sc` VALUES ('100403814', '130001', 57, '2022-01-01');
INSERT INTO `sc` VALUES ('100403815', '130001', 15, '2022-01-01');
INSERT INTO `sc` VALUES ('100403816', '130001', 82, '2022-01-01');
INSERT INTO `sc` VALUES ('100403817', '130001', 83, '2022-01-01');
INSERT INTO `sc` VALUES ('100403818', '130001', 34, '2022-01-01');
INSERT INTO `sc` VALUES ('100403819', '130001', 90, '2022-01-01');
INSERT INTO `sc` VALUES ('100403820', '130001', 73, '2022-01-01');
INSERT INTO `sc` VALUES ('100403821', '130001', 58, '2022-01-01');
INSERT INTO `sc` VALUES ('100403822', '130001', 2, '2022-01-01');
INSERT INTO `sc` VALUES ('100403823', '130001', 24, '2022-01-01');
INSERT INTO `sc` VALUES ('100403824', '130001', 82, '2022-01-01');
INSERT INTO `sc` VALUES ('100403825', '130001', 29, '2022-01-01');
INSERT INTO `sc` VALUES ('100403826', '130001', 43, '2022-01-01');
INSERT INTO `sc` VALUES ('100403827', '130001', 49, '2022-01-01');
INSERT INTO `sc` VALUES ('100403828', '130001', 64, '2022-01-01');
INSERT INTO `sc` VALUES ('100403829', '130001', 28, '2022-01-01');
INSERT INTO `sc` VALUES ('100403830', '130001', 45, '2022-01-01');
INSERT INTO `sc` VALUES ('100403831', '130001', 17, '2022-01-01');
INSERT INTO `sc` VALUES ('100403832', '130001', 76, '2022-01-01');
INSERT INTO `sc` VALUES ('100403833', '130001', 59, '2022-01-01');
INSERT INTO `sc` VALUES ('100403834', '130001', 92, '2022-01-01');
INSERT INTO `sc` VALUES ('100403835', '130001', 26, '2022-01-01');
INSERT INTO `sc` VALUES ('100403836', '130001', 90, '2022-01-01');
INSERT INTO `sc` VALUES ('100403837', '130001', 47, '2022-01-01');
INSERT INTO `sc` VALUES ('100403838', '130001', 65, '2022-01-01');
INSERT INTO `sc` VALUES ('100403839', '130001', 89, '2022-01-01');
INSERT INTO `sc` VALUES ('100403840', '130001', 72, '2022-01-01');
INSERT INTO `sc` VALUES ('100403841', '130001', 66, '2022-01-01');
INSERT INTO `sc` VALUES ('100403842', '130001', 71, '2022-01-01');
INSERT INTO `sc` VALUES ('100403843', '130001', 17, '2022-01-01');
INSERT INTO `sc` VALUES ('100403844', '130001', 33, '2022-01-01');
INSERT INTO `sc` VALUES ('100403845', '130001', 13, '2022-01-01');
INSERT INTO `sc` VALUES ('100403846', '130001', 29, '2022-01-01');
INSERT INTO `sc` VALUES ('100403847', '130001', 44, '2022-01-01');
INSERT INTO `sc` VALUES ('100403848', '130001', 72, '2022-01-01');
INSERT INTO `sc` VALUES ('100403849', '130001', 90, '2022-01-01');
INSERT INTO `sc` VALUES ('100403850', '130001', 74, '2022-01-01');
INSERT INTO `sc` VALUES ('100403851', '130001', 16, '2022-01-01');
INSERT INTO `sc` VALUES ('100403852', '130001', 54, '2022-01-01');
INSERT INTO `sc` VALUES ('100403853', '130001', 15, '2022-01-01');
INSERT INTO `sc` VALUES ('100403854', '130001', 80, '2022-01-01');
INSERT INTO `sc` VALUES ('100403855', '130001', 61, '2022-01-01');
INSERT INTO `sc` VALUES ('100403856', '130001', 50, '2022-01-01');
INSERT INTO `sc` VALUES ('100403857', '130001', 89, '2022-01-01');
INSERT INTO `sc` VALUES ('100403858', '130001', 67, '2022-01-01');
INSERT INTO `sc` VALUES ('100403859', '130001', 70, '2022-01-01');
INSERT INTO `sc` VALUES ('100403860', '130001', 58, '2022-01-01');
INSERT INTO `sc` VALUES ('100403861', '130001', 58, '2022-01-01');
INSERT INTO `sc` VALUES ('100403862', '130001', 60, '2022-01-01');
INSERT INTO `sc` VALUES ('100403863', '130001', 29, '2022-01-01');
INSERT INTO `sc` VALUES ('100403864', '130001', 62, '2022-01-01');
INSERT INTO `sc` VALUES ('100403865', '130001', 85, '2022-01-01');
INSERT INTO `sc` VALUES ('100403866', '130001', 87, '2022-01-01');
INSERT INTO `sc` VALUES ('100403867', '130001', 80, '2022-01-01');
INSERT INTO `sc` VALUES ('100403868', '130001', 60, '2022-01-01');
INSERT INTO `sc` VALUES ('100403869', '130001', 6, '2022-01-01');
INSERT INTO `sc` VALUES ('100403870', '130001', 94, '2022-01-01');
INSERT INTO `sc` VALUES ('100403871', '130001', 68, '2022-01-01');
INSERT INTO `sc` VALUES ('100403872', '130001', 59, '2022-01-01');
INSERT INTO `sc` VALUES ('100403873', '130001', 59, '2022-01-01');
INSERT INTO `sc` VALUES ('100403874', '130001', 16, '2022-01-01');
INSERT INTO `sc` VALUES ('100403875', '130001', 63, '2022-01-01');
INSERT INTO `sc` VALUES ('100403876', '130001', 10, '2022-01-01');
INSERT INTO `sc` VALUES ('100403877', '130001', 37, '2022-01-01');
INSERT INTO `sc` VALUES ('100403878', '130001', 13, '2022-01-01');
INSERT INTO `sc` VALUES ('100403879', '130001', 73, '2022-01-01');
INSERT INTO `sc` VALUES ('100403880', '130001', 30, '2022-01-01');
INSERT INTO `sc` VALUES ('100403881', '130001', 37, '2022-01-01');
INSERT INTO `sc` VALUES ('100403882', '130001', 47, '2022-01-01');
INSERT INTO `sc` VALUES ('100403883', '130001', 36, '2022-01-01');
INSERT INTO `sc` VALUES ('100403884', '130001', 22, '2022-01-01');
INSERT INTO `sc` VALUES ('100403885', '130001', 3, '2022-01-01');
INSERT INTO `sc` VALUES ('100403886', '130001', 64, '2022-01-01');
INSERT INTO `sc` VALUES ('100403887', '130001', 37, '2022-01-01');
INSERT INTO `sc` VALUES ('100403888', '130001', 81, '2022-01-01');
INSERT INTO `sc` VALUES ('100403889', '130001', 48, '2022-01-01');
INSERT INTO `sc` VALUES ('100403890', '130001', 60, '2022-01-01');
INSERT INTO `sc` VALUES ('100403891', '130001', 22, '2022-01-01');
INSERT INTO `sc` VALUES ('100403892', '130001', 37, '2022-01-01');
INSERT INTO `sc` VALUES ('100403893', '130001', 36, '2022-01-01');
INSERT INTO `sc` VALUES ('100403894', '130001', 71, '2022-01-01');
INSERT INTO `sc` VALUES ('100403895', '130001', 78, '2022-01-01');
INSERT INTO `sc` VALUES ('100403896', '130001', 96, '2022-01-01');
INSERT INTO `sc` VALUES ('100403897', '130001', 32, '2022-01-01');
INSERT INTO `sc` VALUES ('100403898', '130001', 74, '2022-01-01');
INSERT INTO `sc` VALUES ('100403899', '130001', 8, '2022-01-01');
INSERT INTO `sc` VALUES ('100403900', '130001', 7, '2022-01-01');
INSERT INTO `sc` VALUES ('100403901', '130001', 47, '2022-01-01');
INSERT INTO `sc` VALUES ('100403902', '130001', 91, '2022-01-01');
INSERT INTO `sc` VALUES ('100403903', '130001', 5, '2022-01-01');
INSERT INTO `sc` VALUES ('100403904', '130001', 59, '2022-01-01');
INSERT INTO `sc` VALUES ('100403905', '130001', 90, '2022-01-01');
INSERT INTO `sc` VALUES ('100403906', '130001', 35, '2022-01-01');
INSERT INTO `sc` VALUES ('100403907', '130001', 51, '2022-01-01');
INSERT INTO `sc` VALUES ('100403908', '130001', 84, '2022-01-01');
INSERT INTO `sc` VALUES ('100403909', '130001', 31, '2022-01-01');
INSERT INTO `sc` VALUES ('100403910', '130001', 47, '2022-01-01');
INSERT INTO `sc` VALUES ('100403911', '130001', 66, '2022-01-01');
INSERT INTO `sc` VALUES ('100403912', '130001', 27, '2022-01-01');
INSERT INTO `sc` VALUES ('100403913', '130001', 61, '2022-01-01');
INSERT INTO `sc` VALUES ('100403914', '130001', 55, '2022-01-01');
INSERT INTO `sc` VALUES ('100403915', '130001', 29, '2022-01-01');
INSERT INTO `sc` VALUES ('100403916', '130001', 91, '2022-01-01');
INSERT INTO `sc` VALUES ('100403917', '130001', 84, '2022-01-01');
INSERT INTO `sc` VALUES ('100403918', '130001', 20, '2022-01-01');
INSERT INTO `sc` VALUES ('100403919', '130001', 14, '2022-01-01');
INSERT INTO `sc` VALUES ('100403920', '130001', 2, '2022-01-01');
INSERT INTO `sc` VALUES ('100403921', '130001', 15, '2022-01-01');
INSERT INTO `sc` VALUES ('100403922', '130001', 29, '2022-01-01');
INSERT INTO `sc` VALUES ('100403923', '130001', 78, '2022-01-01');
INSERT INTO `sc` VALUES ('100403924', '130001', 89, '2022-01-01');
INSERT INTO `sc` VALUES ('100403925', '130001', 28, '2022-01-01');
INSERT INTO `sc` VALUES ('100403926', '130001', 17, '2022-01-01');
INSERT INTO `sc` VALUES ('100403927', '130001', 79, '2022-01-01');
INSERT INTO `sc` VALUES ('100403928', '130001', 87, '2022-01-01');
INSERT INTO `sc` VALUES ('100403929', '130001', 71, '2022-01-01');
INSERT INTO `sc` VALUES ('100403930', '130001', 65, '2022-01-01');
INSERT INTO `sc` VALUES ('100403931', '130001', 94, '2022-01-01');
INSERT INTO `sc` VALUES ('100403932', '130001', 5, '2022-01-01');
INSERT INTO `sc` VALUES ('100403933', '130001', 17, '2022-01-01');
INSERT INTO `sc` VALUES ('100403934', '130001', 55, '2022-01-01');
INSERT INTO `sc` VALUES ('100403935', '130001', 63, '2022-01-01');
INSERT INTO `sc` VALUES ('100403936', '130001', 59, '2022-01-01');
INSERT INTO `sc` VALUES ('100403937', '130001', 39, '2022-01-01');
INSERT INTO `sc` VALUES ('100403938', '130001', 85, '2022-01-01');
INSERT INTO `sc` VALUES ('100403939', '130001', 96, '2022-01-01');
INSERT INTO `sc` VALUES ('100403940', '130001', 71, '2022-01-01');
INSERT INTO `sc` VALUES ('100403941', '130001', 53, '2022-01-01');
INSERT INTO `sc` VALUES ('100403942', '130001', 78, '2022-01-01');
INSERT INTO `sc` VALUES ('100403943', '130001', 68, '2022-01-01');
INSERT INTO `sc` VALUES ('100403944', '130001', 6, '2022-01-01');
INSERT INTO `sc` VALUES ('100403945', '130001', 96, '2022-01-01');
INSERT INTO `sc` VALUES ('100403946', '130001', 25, '2022-01-01');
INSERT INTO `sc` VALUES ('100403947', '130001', 31, '2022-01-01');
INSERT INTO `sc` VALUES ('100403948', '130001', 84, '2022-01-01');
INSERT INTO `sc` VALUES ('100403949', '130001', 77, '2022-01-01');
INSERT INTO `sc` VALUES ('100403950', '130001', 32, '2022-01-01');
INSERT INTO `sc` VALUES ('100403951', '130001', 58, '2022-01-01');
INSERT INTO `sc` VALUES ('100403952', '130001', 23, '2022-01-01');
INSERT INTO `sc` VALUES ('100403953', '130001', 71, '2022-01-01');
INSERT INTO `sc` VALUES ('100403954', '130001', 71, '2022-01-01');
INSERT INTO `sc` VALUES ('100403955', '130001', 94, '2022-01-01');
INSERT INTO `sc` VALUES ('100403956', '130001', 23, '2022-01-01');
INSERT INTO `sc` VALUES ('100403957', '130001', 89, '2022-01-01');
INSERT INTO `sc` VALUES ('100403958', '130001', 72, '2022-01-01');
INSERT INTO `sc` VALUES ('100403959', '130001', 40, '2022-01-01');
INSERT INTO `sc` VALUES ('100403960', '130001', 84, '2022-01-01');
INSERT INTO `sc` VALUES ('100403961', '130001', 70, '2022-01-01');
INSERT INTO `sc` VALUES ('100403962', '130001', 39, '2022-01-01');
INSERT INTO `sc` VALUES ('100403963', '130001', 69, '2022-01-01');
INSERT INTO `sc` VALUES ('100403964', '130001', 40, '2022-01-01');
INSERT INTO `sc` VALUES ('100403965', '130001', 57, '2022-01-01');
INSERT INTO `sc` VALUES ('100403966', '130001', 85, '2022-01-01');
INSERT INTO `sc` VALUES ('100403967', '130001', 44, '2022-01-01');
INSERT INTO `sc` VALUES ('100403968', '130001', 54, '2022-01-01');
INSERT INTO `sc` VALUES ('100403969', '130001', 8, '2022-01-01');
INSERT INTO `sc` VALUES ('100403970', '130001', 3, '2022-01-01');
INSERT INTO `sc` VALUES ('100403971', '130001', 48, '2022-01-01');
INSERT INTO `sc` VALUES ('100403972', '130001', 4, '2022-01-01');
INSERT INTO `sc` VALUES ('100403973', '130001', 47, '2022-01-01');
INSERT INTO `sc` VALUES ('100403974', '130001', 46, '2022-01-01');
INSERT INTO `sc` VALUES ('100403975', '130001', 95, '2022-01-01');
INSERT INTO `sc` VALUES ('100403976', '130001', 52, '2022-01-01');
INSERT INTO `sc` VALUES ('100403977', '130001', 4, '2022-01-01');
INSERT INTO `sc` VALUES ('100403978', '130001', 73, '2022-01-01');
INSERT INTO `sc` VALUES ('100403979', '130001', 44, '2022-01-01');
INSERT INTO `sc` VALUES ('100403980', '130001', 14, '2022-01-01');
INSERT INTO `sc` VALUES ('100403981', '130001', 41, '2022-01-01');
INSERT INTO `sc` VALUES ('100403982', '130001', 3, '2022-01-01');
INSERT INTO `sc` VALUES ('100403983', '130001', 86, '2022-01-01');
INSERT INTO `sc` VALUES ('100403984', '130001', 18, '2022-01-01');
INSERT INTO `sc` VALUES ('100403985', '130001', 33, '2022-01-01');
INSERT INTO `sc` VALUES ('100403986', '130001', 49, '2022-01-01');
INSERT INTO `sc` VALUES ('100403987', '130001', 34, '2022-01-01');
INSERT INTO `sc` VALUES ('100403988', '130001', 67, '2022-01-01');
INSERT INTO `sc` VALUES ('100403989', '130001', 81, '2022-01-01');
INSERT INTO `sc` VALUES ('100403990', '130001', 75, '2022-01-01');
INSERT INTO `sc` VALUES ('100403991', '130001', 39, '2022-01-01');
INSERT INTO `sc` VALUES ('100403992', '130001', 57, '2022-01-01');
INSERT INTO `sc` VALUES ('100403993', '130001', 59, '2022-01-01');
INSERT INTO `sc` VALUES ('100403994', '130001', 32, '2022-01-01');
INSERT INTO `sc` VALUES ('100403995', '130001', 16, '2022-01-01');
INSERT INTO `sc` VALUES ('100403996', '130001', 61, '2022-01-01');
INSERT INTO `sc` VALUES ('100403997', '130001', 93, '2022-01-01');
INSERT INTO `sc` VALUES ('100403998', '130001', 28, '2022-01-01');
INSERT INTO `sc` VALUES ('100403999', '130001', 31, '2022-01-01');
INSERT INTO `sc` VALUES ('200101002', '110001', 100, '2021-05-09');
INSERT INTO `sc` VALUES ('200101002', '140001', 44, '2021-06-11');
INSERT INTO `sc` VALUES ('200101003', '110001', 80.5, '2022-04-18');
INSERT INTO `sc` VALUES ('200101003', '120004', 77, '2022-01-19');
INSERT INTO `sc` VALUES ('200101003', '210020', 77.5, '2022-04-18');
INSERT INTO `sc` VALUES ('200102002', '110001', NULL, NULL);
INSERT INTO `sc` VALUES ('200102002', '110004', NULL, NULL);
INSERT INTO `sc` VALUES ('200102002', '130001', NULL, NULL);
INSERT INTO `sc` VALUES ('200102002', '140001', NULL, NULL);
INSERT INTO `sc` VALUES ('200102002', '210020', 90, '2022-04-18');

-- ----------------------------
-- Table structure for student
-- ----------------------------
DROP TABLE IF EXISTS `student`;
CREATE TABLE `student`  (
  `s_id` char(9) CHARACTER SET utf8mb4 COLLATE utf8mb4_0900_ai_ci NOT NULL,
  `cl_id` char(6) CHARACTER SET utf8mb4 COLLATE utf8mb4_0900_ai_ci NOT NULL,
  `s_name` varchar(12) CHARACTER SET utf8mb4 COLLATE utf8mb4_0900_ai_ci NOT NULL,
  `s_sex` char(2) CHARACTER SET utf8mb4 COLLATE utf8mb4_0900_ai_ci NOT NULL,
  `s_age` int(0) NOT NULL,
  `s_tel` char(11) CHARACTER SET utf8mb4 COLLATE utf8mb4_0900_ai_ci NOT NULL,
  PRIMARY KEY (`s_id`) USING BTREE,
  INDEX `s_clid_idx`(`cl_id`) USING BTREE,
  INDEX `idx_stu_name`(`s_name`) USING BTREE,
  INDEX `idx_stu_tel`(`s_tel`) USING BTREE,
  INDEX `idx_stu_sex`(`s_sex`) USING BTREE,
  CONSTRAINT `s_clid` FOREIGN KEY (`cl_id`) REFERENCES `class` (`cl_id`) ON DELETE RESTRICT ON UPDATE RESTRICT
) ENGINE = InnoDB CHARACTER SET = utf8mb4 COLLATE = utf8mb4_0900_ai_ci ROW_FORMAT = Dynamic;

-- ----------------------------
-- Records of student
-- ----------------------------
INSERT INTO `student` VALUES ('100101001', '100101', '张三', '男', 18, '14648466354');
INSERT INTO `student` VALUES ('100101002', '100101', '张四', '男', 21, '12565925663');
INSERT INTO `student` VALUES ('100101003', '100101', '张五', '男', 19, '13511245565');
INSERT INTO `student` VALUES ('100101004', '100101', '张六', '男', 18, '16545959266');
INSERT INTO `student` VALUES ('100102001', '100102', '李一', '女', 19, '18945663574');
INSERT INTO `student` VALUES ('100102002', '100102', '李二', '女', 21, '13349568558');
INSERT INTO `student` VALUES ('100102003', '100102', '李三', '女', 19, '13112882293');
INSERT INTO `student` VALUES ('100202002', '100202', '李四', '女', 22, '12300005656');
INSERT INTO `student` VALUES ('100202004', '100202', '李五', '男', 20, '16546599990');
INSERT INTO `student` VALUES ('100403000', '100403', 'TEST0', '女', 21, '13000000000');
INSERT INTO `student` VALUES ('100403001', '100403', 'TEST1', '女', 18, '13000000001');
INSERT INTO `student` VALUES ('100403002', '100403', 'TEST2', '男', 19, '13000000002');
INSERT INTO `student` VALUES ('100403003', '100403', 'TEST3', '女', 23, '13000000003');
INSERT INTO `student` VALUES ('100403004', '100403', 'TEST4', '女', 22, '13000000004');
INSERT INTO `student` VALUES ('100403005', '100403', 'TEST5', '男', 19, '13000000005');
INSERT INTO `student` VALUES ('100403006', '100403', 'TEST6', '女', 21, '13000000006');
INSERT INTO `student` VALUES ('100403007', '100403', 'TEST7', '男', 22, '13000000007');
INSERT INTO `student` VALUES ('100403008', '100403', 'TEST8', '男', 20, '13000000008');
INSERT INTO `student` VALUES ('100403009', '100403', 'TEST9', '女', 22, '13000000009');
INSERT INTO `student` VALUES ('100403010', '100403', 'TEST10', '男', 20, '13000000010');
INSERT INTO `student` VALUES ('100403011', '100403', 'TEST11', '男', 19, '13000000011');
INSERT INTO `student` VALUES ('100403012', '100403', 'TEST12', '女', 23, '13000000012');
INSERT INTO `student` VALUES ('100403013', '100403', 'TEST13', '男', 20, '13000000013');
INSERT INTO `student` VALUES ('100403014', '100403', 'TEST14', '女', 19, '13000000014');
INSERT INTO `student` VALUES ('100403015', '100403', 'TEST15', '女', 23, '13000000015');
INSERT INTO `student` VALUES ('100403016', '100403', 'TEST16', '男', 22, '13000000016');
INSERT INTO `student` VALUES ('100403017', '100403', 'TEST17', '男', 23, '13000000017');
INSERT INTO `student` VALUES ('100403018', '100403', 'TEST18', '女', 19, '13000000018');
INSERT INTO `student` VALUES ('100403019', '100403', 'TEST19', '男', 21, '13000000019');
INSERT INTO `student` VALUES ('100403020', '100403', 'TEST20', '男', 21, '13000000020');
INSERT INTO `student` VALUES ('100403021', '100403', 'TEST21', '女', 18, '13000000021');
INSERT INTO `student` VALUES ('100403022', '100403', 'TEST22', '女', 21, '13000000022');
INSERT INTO `student` VALUES ('100403023', '100403', 'TEST23', '男', 21, '13000000023');
INSERT INTO `student` VALUES ('100403024', '100403', 'TEST24', '男', 20, '13000000024');
INSERT INTO `student` VALUES ('100403025', '100403', 'TEST25', '男', 22, '13000000025');
INSERT INTO `student` VALUES ('100403026', '100403', 'TEST26', '男', 19, '13000000026');
INSERT INTO `student` VALUES ('100403027', '100403', 'TEST27', '女', 21, '13000000027');
INSERT INTO `student` VALUES ('100403028', '100403', 'TEST28', '女', 18, '13000000028');
INSERT INTO `student` VALUES ('100403029', '100403', 'TEST29', '男', 21, '13000000029');
INSERT INTO `student` VALUES ('100403030', '100403', 'TEST30', '女', 22, '13000000030');
INSERT INTO `student` VALUES ('100403031', '100403', 'TEST31', '女', 20, '13000000031');
INSERT INTO `student` VALUES ('100403032', '100403', 'TEST32', '男', 18, '13000000032');
INSERT INTO `student` VALUES ('100403033', '100403', 'TEST33', '男', 20, '13000000033');
INSERT INTO `student` VALUES ('100403034', '100403', 'TEST34', '女', 21, '13000000034');
INSERT INTO `student` VALUES ('100403035', '100403', 'TEST35', '男', 20, '13000000035');
INSERT INTO `student` VALUES ('100403036', '100403', 'TEST36', '女', 20, '13000000036');
INSERT INTO `student` VALUES ('100403037', '100403', 'TEST37', '男', 18, '13000000037');
INSERT INTO `student` VALUES ('100403038', '100403', 'TEST38', '男', 23, '13000000038');
INSERT INTO `student` VALUES ('100403039', '100403', 'TEST39', '女', 23, '13000000039');
INSERT INTO `student` VALUES ('100403040', '100403', 'TEST40', '男', 22, '13000000040');
INSERT INTO `student` VALUES ('100403041', '100403', 'TEST41', '男', 21, '13000000041');
INSERT INTO `student` VALUES ('100403042', '100403', 'TEST42', '女', 21, '13000000042');
INSERT INTO `student` VALUES ('100403043', '100403', 'TEST43', '女', 23, '13000000043');
INSERT INTO `student` VALUES ('100403044', '100403', 'TEST44', '男', 20, '13000000044');
INSERT INTO `student` VALUES ('100403045', '100403', 'TEST45', '男', 20, '13000000045');
INSERT INTO `student` VALUES ('100403046', '100403', 'TEST46', '男', 21, '13000000046');
INSERT INTO `student` VALUES ('100403047', '100403', 'TEST47', '男', 19, '13000000047');
INSERT INTO `student` VALUES ('100403048', '100403', 'TEST48', '女', 21, '13000000048');
INSERT INTO `student` VALUES ('100403049', '100403', 'TEST49', '男', 20, '13000000049');
INSERT INTO `student` VALUES ('100403050', '100403', 'TEST50', '男', 21, '13000000050');
INSERT INTO `student` VALUES ('100403051', '100403', 'TEST51', '男', 19, '13000000051');
INSERT INTO `student` VALUES ('100403052', '100403', 'TEST52', '男', 19, '13000000052');
INSERT INTO `student` VALUES ('100403053', '100403', 'TEST53', '女', 18, '13000000053');
INSERT INTO `student` VALUES ('100403054', '100403', 'TEST54', '女', 22, '13000000054');
INSERT INTO `student` VALUES ('100403055', '100403', 'TEST55', '男', 19, '13000000055');
INSERT INTO `student` VALUES ('100403056', '100403', 'TEST56', '男', 22, '13000000056');
INSERT INTO `student` VALUES ('100403057', '100403', 'TEST57', '男', 18, '13000000057');
INSERT INTO `student` VALUES ('100403058', '100403', 'TEST58', '女', 21, '13000000058');
INSERT INTO `student` VALUES ('100403059', '100403', 'TEST59', '男', 23, '13000000059');
INSERT INTO `student` VALUES ('100403060', '100403', 'TEST60', '女', 18, '13000000060');
INSERT INTO `student` VALUES ('100403061', '100403', 'TEST61', '男', 18, '13000000061');
INSERT INTO `student` VALUES ('100403062', '100403', 'TEST62', '女', 20, '13000000062');
INSERT INTO `student` VALUES ('100403063', '100403', 'TEST63', '男', 21, '13000000063');
INSERT INTO `student` VALUES ('100403064', '100403', 'TEST64', '女', 23, '13000000064');
INSERT INTO `student` VALUES ('100403065', '100403', 'TEST65', '男', 22, '13000000065');
INSERT INTO `student` VALUES ('100403066', '100403', 'TEST66', '女', 22, '13000000066');
INSERT INTO `student` VALUES ('100403067', '100403', 'TEST67', '女', 18, '13000000067');
INSERT INTO `student` VALUES ('100403068', '100403', 'TEST68', '女', 21, '13000000068');
INSERT INTO `student` VALUES ('100403069', '100403', 'TEST69', '男', 23, '13000000069');
INSERT INTO `student` VALUES ('100403070', '100403', 'TEST70', '女', 19, '13000000070');
INSERT INTO `student` VALUES ('100403071', '100403', 'TEST71', '女', 22, '13000000071');
INSERT INTO `student` VALUES ('100403072', '100403', 'TEST72', '女', 20, '13000000072');
INSERT INTO `student` VALUES ('100403073', '100403', 'TEST73', '女', 20, '13000000073');
INSERT INTO `student` VALUES ('100403074', '100403', 'TEST74', '男', 20, '13000000074');
INSERT INTO `student` VALUES ('100403075', '100403', 'TEST75', '男', 20, '13000000075');
INSERT INTO `student` VALUES ('100403076', '100403', 'TEST76', '男', 19, '13000000076');
INSERT INTO `student` VALUES ('100403077', '100403', 'TEST77', '女', 21, '13000000077');
INSERT INTO `student` VALUES ('100403078', '100403', 'TEST78', '男', 22, '13000000078');
INSERT INTO `student` VALUES ('100403079', '100403', 'TEST79', '女', 20, '13000000079');
INSERT INTO `student` VALUES ('100403080', '100403', 'TEST80', '女', 22, '13000000080');
INSERT INTO `student` VALUES ('100403081', '100403', 'TEST81', '女', 19, '13000000081');
INSERT INTO `student` VALUES ('100403082', '100403', 'TEST82', '女', 22, '13000000082');
INSERT INTO `student` VALUES ('100403083', '100403', 'TEST83', '女', 20, '13000000083');
INSERT INTO `student` VALUES ('100403084', '100403', 'TEST84', '女', 18, '13000000084');
INSERT INTO `student` VALUES ('100403085', '100403', 'TEST85', '男', 20, '13000000085');
INSERT INTO `student` VALUES ('100403086', '100403', 'TEST86', '女', 20, '13000000086');
INSERT INTO `student` VALUES ('100403087', '100403', 'TEST87', '女', 18, '13000000087');
INSERT INTO `student` VALUES ('100403088', '100403', 'TEST88', '男', 22, '13000000088');
INSERT INTO `student` VALUES ('100403089', '100403', 'TEST89', '男', 19, '13000000089');
INSERT INTO `student` VALUES ('100403090', '100403', 'TEST90', '女', 22, '13000000090');
INSERT INTO `student` VALUES ('100403091', '100403', 'TEST91', '女', 18, '13000000091');
INSERT INTO `student` VALUES ('100403092', '100403', 'TEST92', '男', 21, '13000000092');
INSERT INTO `student` VALUES ('100403093', '100403', 'TEST93', '男', 20, '13000000093');
INSERT INTO `student` VALUES ('100403094', '100403', 'TEST94', '男', 23, '13000000094');
INSERT INTO `student` VALUES ('100403095', '100403', 'TEST95', '女', 19, '13000000095');
INSERT INTO `student` VALUES ('100403096', '100403', 'TEST96', '男', 20, '13000000096');
INSERT INTO `student` VALUES ('100403097', '100403', 'TEST97', '男', 22, '13000000097');
INSERT INTO `student` VALUES ('100403098', '100403', 'TEST98', '女', 19, '13000000098');
INSERT INTO `student` VALUES ('100403099', '100403', 'TEST99', '女', 19, '13000000099');
INSERT INTO `student` VALUES ('100403100', '100403', 'TEST100', '男', 19, '13000000100');
INSERT INTO `student` VALUES ('100403101', '100403', 'TEST101', '男', 23, '13000000101');
INSERT INTO `student` VALUES ('100403102', '100403', 'TEST102', '男', 23, '13000000102');
INSERT INTO `student` VALUES ('100403103', '100403', 'TEST103', '男', 21, '13000000103');
INSERT INTO `student` VALUES ('100403104', '100403', 'TEST104', '男', 20, '13000000104');
INSERT INTO `student` VALUES ('100403105', '100403', 'TEST105', '男', 19, '13000000105');
INSERT INTO `student` VALUES ('100403106', '100403', 'TEST106', '男', 21, '13000000106');
INSERT INTO `student` VALUES ('100403107', '100403', 'TEST107', '男', 22, '13000000107');
INSERT INTO `student` VALUES ('100403108', '100403', 'TEST108', '女', 19, '13000000108');
INSERT INTO `student` VALUES ('100403109', '100403', 'TEST109', '女', 18, '13000000109');
INSERT INTO `student` VALUES ('100403110', '100403', 'TEST110', '男', 20, '13000000110');
INSERT INTO `student` VALUES ('100403111', '100403', 'TEST111', '男', 19, '13000000111');
INSERT INTO `student` VALUES ('100403112', '100403', 'TEST112', '女', 21, '13000000112');
INSERT INTO `student` VALUES ('100403113', '100403', 'TEST113', '女', 23, '13000000113');
INSERT INTO `student` VALUES ('100403114', '100403', 'TEST114', '女', 21, '13000000114');
INSERT INTO `student` VALUES ('100403115', '100403', 'TEST115', '男', 20, '13000000115');
INSERT INTO `student` VALUES ('100403116', '100403', 'TEST116', '女', 19, '13000000116');
INSERT INTO `student` VALUES ('100403117', '100403', 'TEST117', '女', 21, '13000000117');
INSERT INTO `student` VALUES ('100403118', '100403', 'TEST118', '男', 18, '13000000118');
INSERT INTO `student` VALUES ('100403119', '100403', 'TEST119', '男', 21, '13000000119');
INSERT INTO `student` VALUES ('100403120', '100403', 'TEST120', '男', 22, '13000000120');
INSERT INTO `student` VALUES ('100403121', '100403', 'TEST121', '男', 23, '13000000121');
INSERT INTO `student` VALUES ('100403122', '100403', 'TEST122', '男', 19, '13000000122');
INSERT INTO `student` VALUES ('100403123', '100403', 'TEST123', '女', 21, '13000000123');
INSERT INTO `student` VALUES ('100403124', '100403', 'TEST124', '女', 22, '13000000124');
INSERT INTO `student` VALUES ('100403125', '100403', 'TEST125', '女', 21, '13000000125');
INSERT INTO `student` VALUES ('100403126', '100403', 'TEST126', '女', 21, '13000000126');
INSERT INTO `student` VALUES ('100403127', '100403', 'TEST127', '男', 18, '13000000127');
INSERT INTO `student` VALUES ('100403128', '100403', 'TEST128', '男', 20, '13000000128');
INSERT INTO `student` VALUES ('100403129', '100403', 'TEST129', '男', 20, '13000000129');
INSERT INTO `student` VALUES ('100403130', '100403', 'TEST130', '女', 20, '13000000130');
INSERT INTO `student` VALUES ('100403131', '100403', 'TEST131', '男', 19, '13000000131');
INSERT INTO `student` VALUES ('100403132', '100403', 'TEST132', '男', 21, '13000000132');
INSERT INTO `student` VALUES ('100403133', '100403', 'TEST133', '女', 22, '13000000133');
INSERT INTO `student` VALUES ('100403134', '100403', 'TEST134', '女', 20, '13000000134');
INSERT INTO `student` VALUES ('100403135', '100403', 'TEST135', '女', 18, '13000000135');
INSERT INTO `student` VALUES ('100403136', '100403', 'TEST136', '男', 23, '13000000136');
INSERT INTO `student` VALUES ('100403137', '100403', 'TEST137', '男', 23, '13000000137');
INSERT INTO `student` VALUES ('100403138', '100403', 'TEST138', '男', 22, '13000000138');
INSERT INTO `student` VALUES ('100403139', '100403', 'TEST139', '女', 18, '13000000139');
INSERT INTO `student` VALUES ('100403140', '100403', 'TEST140', '男', 21, '13000000140');
INSERT INTO `student` VALUES ('100403141', '100403', 'TEST141', '女', 20, '13000000141');
INSERT INTO `student` VALUES ('100403142', '100403', 'TEST142', '男', 18, '13000000142');
INSERT INTO `student` VALUES ('100403143', '100403', 'TEST143', '女', 22, '13000000143');
INSERT INTO `student` VALUES ('100403144', '100403', 'TEST144', '男', 21, '13000000144');
INSERT INTO `student` VALUES ('100403145', '100403', 'TEST145', '男', 20, '13000000145');
INSERT INTO `student` VALUES ('100403146', '100403', 'TEST146', '男', 21, '13000000146');
INSERT INTO `student` VALUES ('100403147', '100403', 'TEST147', '女', 22, '13000000147');
INSERT INTO `student` VALUES ('100403148', '100403', 'TEST148', '男', 21, '13000000148');
INSERT INTO `student` VALUES ('100403149', '100403', 'TEST149', '男', 20, '13000000149');
INSERT INTO `student` VALUES ('100403150', '100403', 'TEST150', '男', 22, '13000000150');
INSERT INTO `student` VALUES ('100403151', '100403', 'TEST151', '女', 21, '13000000151');
INSERT INTO `student` VALUES ('100403152', '100403', 'TEST152', '男', 19, '13000000152');
INSERT INTO `student` VALUES ('100403153', '100403', 'TEST153', '男', 22, '13000000153');
INSERT INTO `student` VALUES ('100403154', '100403', 'TEST154', '男', 20, '13000000154');
INSERT INTO `student` VALUES ('100403155', '100403', 'TEST155', '女', 21, '13000000155');
INSERT INTO `student` VALUES ('100403156', '100403', 'TEST156', '男', 18, '13000000156');
INSERT INTO `student` VALUES ('100403157', '100403', 'TEST157', '女', 23, '13000000157');
INSERT INTO `student` VALUES ('100403158', '100403', 'TEST158', '女', 21, '13000000158');
INSERT INTO `student` VALUES ('100403159', '100403', 'TEST159', '女', 20, '13000000159');
INSERT INTO `student` VALUES ('100403160', '100403', 'TEST160', '女', 22, '13000000160');
INSERT INTO `student` VALUES ('100403161', '100403', 'TEST161', '男', 23, '13000000161');
INSERT INTO `student` VALUES ('100403162', '100403', 'TEST162', '男', 19, '13000000162');
INSERT INTO `student` VALUES ('100403163', '100403', 'TEST163', '女', 19, '13000000163');
INSERT INTO `student` VALUES ('100403164', '100403', 'TEST164', '男', 18, '13000000164');
INSERT INTO `student` VALUES ('100403165', '100403', 'TEST165', '女', 20, '13000000165');
INSERT INTO `student` VALUES ('100403166', '100403', 'TEST166', '女', 22, '13000000166');
INSERT INTO `student` VALUES ('100403167', '100403', 'TEST167', '女', 23, '13000000167');
INSERT INTO `student` VALUES ('100403168', '100403', 'TEST168', '男', 23, '13000000168');
INSERT INTO `student` VALUES ('100403169', '100403', 'TEST169', '女', 18, '13000000169');
INSERT INTO `student` VALUES ('100403170', '100403', 'TEST170', '女', 23, '13000000170');
INSERT INTO `student` VALUES ('100403171', '100403', 'TEST171', '女', 22, '13000000171');
INSERT INTO `student` VALUES ('100403172', '100403', 'TEST172', '女', 20, '13000000172');
INSERT INTO `student` VALUES ('100403173', '100403', 'TEST173', '女', 20, '13000000173');
INSERT INTO `student` VALUES ('100403174', '100403', 'TEST174', '女', 20, '13000000174');
INSERT INTO `student` VALUES ('100403175', '100403', 'TEST175', '男', 21, '13000000175');
INSERT INTO `student` VALUES ('100403176', '100403', 'TEST176', '女', 21, '13000000176');
INSERT INTO `student` VALUES ('100403177', '100403', 'TEST177', '女', 19, '13000000177');
INSERT INTO `student` VALUES ('100403178', '100403', 'TEST178', '女', 18, '13000000178');
INSERT INTO `student` VALUES ('100403179', '100403', 'TEST179', '男', 19, '13000000179');
INSERT INTO `student` VALUES ('100403180', '100403', 'TEST180', '男', 21, '13000000180');
INSERT INTO `student` VALUES ('100403181', '100403', 'TEST181', '女', 19, '13000000181');
INSERT INTO `student` VALUES ('100403182', '100403', 'TEST182', '男', 21, '13000000182');
INSERT INTO `student` VALUES ('100403183', '100403', 'TEST183', '女', 20, '13000000183');
INSERT INTO `student` VALUES ('100403184', '100403', 'TEST184', '男', 20, '13000000184');
INSERT INTO `student` VALUES ('100403185', '100403', 'TEST185', '女', 20, '13000000185');
INSERT INTO `student` VALUES ('100403186', '100403', 'TEST186', '女', 21, '13000000186');
INSERT INTO `student` VALUES ('100403187', '100403', 'TEST187', '女', 18, '13000000187');
INSERT INTO `student` VALUES ('100403188', '100403', 'TEST188', '女', 20, '13000000188');
INSERT INTO `student` VALUES ('100403189', '100403', 'TEST189', '男', 19, '13000000189');
INSERT INTO `student` VALUES ('100403190', '100403', 'TEST190', '男', 20, '13000000190');
INSERT INTO `student` VALUES ('100403191', '100403', 'TEST191', '男', 18, '13000000191');
INSERT INTO `student` VALUES ('100403192', '100403', 'TEST192', '男', 23, '13000000192');
INSERT INTO `student` VALUES ('100403193', '100403', 'TEST193', '男', 18, '13000000193');
INSERT INTO `student` VALUES ('100403194', '100403', 'TEST194', '男', 23, '13000000194');
INSERT INTO `student` VALUES ('100403195', '100403', 'TEST195', '女', 23, '13000000195');
INSERT INTO `student` VALUES ('100403196', '100403', 'TEST196', '男', 23, '13000000196');
INSERT INTO `student` VALUES ('100403197', '100403', 'TEST197', '男', 19, '13000000197');
INSERT INTO `student` VALUES ('100403198', '100403', 'TEST198', '女', 20, '13000000198');
INSERT INTO `student` VALUES ('100403199', '100403', 'TEST199', '女', 21, '13000000199');
INSERT INTO `student` VALUES ('100403200', '100403', 'TEST200', '女', 20, '13000000200');
INSERT INTO `student` VALUES ('100403201', '100403', 'TEST201', '女', 20, '13000000201');
INSERT INTO `student` VALUES ('100403202', '100403', 'TEST202', '女', 18, '13000000202');
INSERT INTO `student` VALUES ('100403203', '100403', 'TEST203', '女', 20, '13000000203');
INSERT INTO `student` VALUES ('100403204', '100403', 'TEST204', '男', 21, '13000000204');
INSERT INTO `student` VALUES ('100403205', '100403', 'TEST205', '女', 20, '13000000205');
INSERT INTO `student` VALUES ('100403206', '100403', 'TEST206', '女', 22, '13000000206');
INSERT INTO `student` VALUES ('100403207', '100403', 'TEST207', '女', 19, '13000000207');
INSERT INTO `student` VALUES ('100403208', '100403', 'TEST208', '男', 18, '13000000208');
INSERT INTO `student` VALUES ('100403209', '100403', 'TEST209', '男', 23, '13000000209');
INSERT INTO `student` VALUES ('100403210', '100403', 'TEST210', '女', 19, '13000000210');
INSERT INTO `student` VALUES ('100403211', '100403', 'TEST211', '女', 23, '13000000211');
INSERT INTO `student` VALUES ('100403212', '100403', 'TEST212', '女', 19, '13000000212');
INSERT INTO `student` VALUES ('100403213', '100403', 'TEST213', '女', 19, '13000000213');
INSERT INTO `student` VALUES ('100403214', '100403', 'TEST214', '女', 18, '13000000214');
INSERT INTO `student` VALUES ('100403215', '100403', 'TEST215', '女', 19, '13000000215');
INSERT INTO `student` VALUES ('100403216', '100403', 'TEST216', '男', 23, '13000000216');
INSERT INTO `student` VALUES ('100403217', '100403', 'TEST217', '女', 18, '13000000217');
INSERT INTO `student` VALUES ('100403218', '100403', 'TEST218', '男', 21, '13000000218');
INSERT INTO `student` VALUES ('100403219', '100403', 'TEST219', '女', 22, '13000000219');
INSERT INTO `student` VALUES ('100403220', '100403', 'TEST220', '男', 18, '13000000220');
INSERT INTO `student` VALUES ('100403221', '100403', 'TEST221', '男', 23, '13000000221');
INSERT INTO `student` VALUES ('100403222', '100403', 'TEST222', '女', 20, '13000000222');
INSERT INTO `student` VALUES ('100403223', '100403', 'TEST223', '男', 18, '13000000223');
INSERT INTO `student` VALUES ('100403224', '100403', 'TEST224', '男', 20, '13000000224');
INSERT INTO `student` VALUES ('100403225', '100403', 'TEST225', '男', 21, '13000000225');
INSERT INTO `student` VALUES ('100403226', '100403', 'TEST226', '女', 21, '13000000226');
INSERT INTO `student` VALUES ('100403227', '100403', 'TEST227', '女', 18, '13000000227');
INSERT INTO `student` VALUES ('100403228', '100403', 'TEST228', '女', 23, '13000000228');
INSERT INTO `student` VALUES ('100403229', '100403', 'TEST229', '男', 20, '13000000229');
INSERT INTO `student` VALUES ('100403230', '100403', 'TEST230', '男', 23, '13000000230');
INSERT INTO `student` VALUES ('100403231', '100403', 'TEST231', '女', 19, '13000000231');
INSERT INTO `student` VALUES ('100403232', '100403', 'TEST232', '男', 23, '13000000232');
INSERT INTO `student` VALUES ('100403233', '100403', 'TEST233', '女', 21, '13000000233');
INSERT INTO `student` VALUES ('100403234', '100403', 'TEST234', '男', 19, '13000000234');
INSERT INTO `student` VALUES ('100403235', '100403', 'TEST235', '女', 22, '13000000235');
INSERT INTO `student` VALUES ('100403236', '100403', 'TEST236', '男', 22, '13000000236');
INSERT INTO `student` VALUES ('100403237', '100403', 'TEST237', '女', 21, '13000000237');
INSERT INTO `student` VALUES ('100403238', '100403', 'TEST238', '女', 22, '13000000238');
INSERT INTO `student` VALUES ('100403239', '100403', 'TEST239', '女', 22, '13000000239');
INSERT INTO `student` VALUES ('100403240', '100403', 'TEST240', '男', 21, '13000000240');
INSERT INTO `student` VALUES ('100403241', '100403', 'TEST241', '女', 19, '13000000241');
INSERT INTO `student` VALUES ('100403242', '100403', 'TEST242', '男', 18, '13000000242');
INSERT INTO `student` VALUES ('100403243', '100403', 'TEST243', '男', 18, '13000000243');
INSERT INTO `student` VALUES ('100403244', '100403', 'TEST244', '男', 23, '13000000244');
INSERT INTO `student` VALUES ('100403245', '100403', 'TEST245', '女', 22, '13000000245');
INSERT INTO `student` VALUES ('100403246', '100403', 'TEST246', '男', 20, '13000000246');
INSERT INTO `student` VALUES ('100403247', '100403', 'TEST247', '男', 19, '13000000247');
INSERT INTO `student` VALUES ('100403248', '100403', 'TEST248', '女', 22, '13000000248');
INSERT INTO `student` VALUES ('100403249', '100403', 'TEST249', '女', 19, '13000000249');
INSERT INTO `student` VALUES ('100403250', '100403', 'TEST250', '女', 19, '13000000250');
INSERT INTO `student` VALUES ('100403251', '100403', 'TEST251', '女', 22, '13000000251');
INSERT INTO `student` VALUES ('100403252', '100403', 'TEST252', '男', 22, '13000000252');
INSERT INTO `student` VALUES ('100403253', '100403', 'TEST253', '女', 21, '13000000253');
INSERT INTO `student` VALUES ('100403254', '100403', 'TEST254', '男', 19, '13000000254');
INSERT INTO `student` VALUES ('100403255', '100403', 'TEST255', '女', 18, '13000000255');
INSERT INTO `student` VALUES ('100403256', '100403', 'TEST256', '男', 20, '13000000256');
INSERT INTO `student` VALUES ('100403257', '100403', 'TEST257', '女', 19, '13000000257');
INSERT INTO `student` VALUES ('100403258', '100403', 'TEST258', '女', 18, '13000000258');
INSERT INTO `student` VALUES ('100403259', '100403', 'TEST259', '女', 22, '13000000259');
INSERT INTO `student` VALUES ('100403260', '100403', 'TEST260', '女', 23, '13000000260');
INSERT INTO `student` VALUES ('100403261', '100403', 'TEST261', '女', 19, '13000000261');
INSERT INTO `student` VALUES ('100403262', '100403', 'TEST262', '男', 22, '13000000262');
INSERT INTO `student` VALUES ('100403263', '100403', 'TEST263', '男', 20, '13000000263');
INSERT INTO `student` VALUES ('100403264', '100403', 'TEST264', '男', 20, '13000000264');
INSERT INTO `student` VALUES ('100403265', '100403', 'TEST265', '女', 20, '13000000265');
INSERT INTO `student` VALUES ('100403266', '100403', 'TEST266', '男', 22, '13000000266');
INSERT INTO `student` VALUES ('100403267', '100403', 'TEST267', '男', 21, '13000000267');
INSERT INTO `student` VALUES ('100403268', '100403', 'TEST268', '男', 23, '13000000268');
INSERT INTO `student` VALUES ('100403269', '100403', 'TEST269', '男', 22, '13000000269');
INSERT INTO `student` VALUES ('100403270', '100403', 'TEST270', '男', 23, '13000000270');
INSERT INTO `student` VALUES ('100403271', '100403', 'TEST271', '男', 19, '13000000271');
INSERT INTO `student` VALUES ('100403272', '100403', 'TEST272', '女', 18, '13000000272');
INSERT INTO `student` VALUES ('100403273', '100403', 'TEST273', '男', 20, '13000000273');
INSERT INTO `student` VALUES ('100403274', '100403', 'TEST274', '男', 23, '13000000274');
INSERT INTO `student` VALUES ('100403275', '100403', 'TEST275', '女', 23, '13000000275');
INSERT INTO `student` VALUES ('100403276', '100403', 'TEST276', '男', 19, '13000000276');
INSERT INTO `student` VALUES ('100403277', '100403', 'TEST277', '女', 23, '13000000277');
INSERT INTO `student` VALUES ('100403278', '100403', 'TEST278', '男', 23, '13000000278');
INSERT INTO `student` VALUES ('100403279', '100403', 'TEST279', '男', 20, '13000000279');
INSERT INTO `student` VALUES ('100403280', '100403', 'TEST280', '女', 20, '13000000280');
INSERT INTO `student` VALUES ('100403281', '100403', 'TEST281', '男', 18, '13000000281');
INSERT INTO `student` VALUES ('100403282', '100403', 'TEST282', '女', 20, '13000000282');
INSERT INTO `student` VALUES ('100403283', '100403', 'TEST283', '女', 23, '13000000283');
INSERT INTO `student` VALUES ('100403284', '100403', 'TEST284', '女', 20, '13000000284');
INSERT INTO `student` VALUES ('100403285', '100403', 'TEST285', '男', 23, '13000000285');
INSERT INTO `student` VALUES ('100403286', '100403', 'TEST286', '男', 18, '13000000286');
INSERT INTO `student` VALUES ('100403287', '100403', 'TEST287', '女', 23, '13000000287');
INSERT INTO `student` VALUES ('100403288', '100403', 'TEST288', '男', 21, '13000000288');
INSERT INTO `student` VALUES ('100403289', '100403', 'TEST289', '女', 22, '13000000289');
INSERT INTO `student` VALUES ('100403290', '100403', 'TEST290', '女', 21, '13000000290');
INSERT INTO `student` VALUES ('100403291', '100403', 'TEST291', '男', 23, '13000000291');
INSERT INTO `student` VALUES ('100403292', '100403', 'TEST292', '男', 22, '13000000292');
INSERT INTO `student` VALUES ('100403293', '100403', 'TEST293', '男', 18, '13000000293');
INSERT INTO `student` VALUES ('100403294', '100403', 'TEST294', '女', 22, '13000000294');
INSERT INTO `student` VALUES ('100403295', '100403', 'TEST295', '女', 23, '13000000295');
INSERT INTO `student` VALUES ('100403296', '100403', 'TEST296', '男', 18, '13000000296');
INSERT INTO `student` VALUES ('100403297', '100403', 'TEST297', '男', 18, '13000000297');
INSERT INTO `student` VALUES ('100403298', '100403', 'TEST298', '男', 23, '13000000298');
INSERT INTO `student` VALUES ('100403299', '100403', 'TEST299', '女', 23, '13000000299');
INSERT INTO `student` VALUES ('100403300', '100403', 'TEST300', '男', 23, '13000000300');
INSERT INTO `student` VALUES ('100403301', '100403', 'TEST301', '女', 23, '13000000301');
INSERT INTO `student` VALUES ('100403302', '100403', 'TEST302', '女', 22, '13000000302');
INSERT INTO `student` VALUES ('100403303', '100403', 'TEST303', '男', 19, '13000000303');
INSERT INTO `student` VALUES ('100403304', '100403', 'TEST304', '女', 19, '13000000304');
INSERT INTO `student` VALUES ('100403305', '100403', 'TEST305', '女', 20, '13000000305');
INSERT INTO `student` VALUES ('100403306', '100403', 'TEST306', '男', 21, '13000000306');
INSERT INTO `student` VALUES ('100403307', '100403', 'TEST307', '女', 20, '13000000307');
INSERT INTO `student` VALUES ('100403308', '100403', 'TEST308', '女', 22, '13000000308');
INSERT INTO `student` VALUES ('100403309', '100403', 'TEST309', '男', 21, '13000000309');
INSERT INTO `student` VALUES ('100403310', '100403', 'TEST310', '女', 21, '13000000310');
INSERT INTO `student` VALUES ('100403311', '100403', 'TEST311', '女', 23, '13000000311');
INSERT INTO `student` VALUES ('100403312', '100403', 'TEST312', '男', 19, '13000000312');
INSERT INTO `student` VALUES ('100403313', '100403', 'TEST313', '男', 19, '13000000313');
INSERT INTO `student` VALUES ('100403314', '100403', 'TEST314', '女', 18, '13000000314');
INSERT INTO `student` VALUES ('100403315', '100403', 'TEST315', '男', 18, '13000000315');
INSERT INTO `student` VALUES ('100403316', '100403', 'TEST316', '女', 18, '13000000316');
INSERT INTO `student` VALUES ('100403317', '100403', 'TEST317', '男', 21, '13000000317');
INSERT INTO `student` VALUES ('100403318', '100403', 'TEST318', '男', 20, '13000000318');
INSERT INTO `student` VALUES ('100403319', '100403', 'TEST319', '女', 23, '13000000319');
INSERT INTO `student` VALUES ('100403320', '100403', 'TEST320', '男', 22, '13000000320');
INSERT INTO `student` VALUES ('100403321', '100403', 'TEST321', '女', 18, '13000000321');
INSERT INTO `student` VALUES ('100403322', '100403', 'TEST322', '男', 22, '13000000322');
INSERT INTO `student` VALUES ('100403323', '100403', 'TEST323', '男', 20, '13000000323');
INSERT INTO `student` VALUES ('100403324', '100403', 'TEST324', '女', 20, '13000000324');
INSERT INTO `student` VALUES ('100403325', '100403', 'TEST325', '男', 21, '13000000325');
INSERT INTO `student` VALUES ('100403326', '100403', 'TEST326', '男', 21, '13000000326');
INSERT INTO `student` VALUES ('100403327', '100403', 'TEST327', '女', 19, '13000000327');
INSERT INTO `student` VALUES ('100403328', '100403', 'TEST328', '男', 23, '13000000328');
INSERT INTO `student` VALUES ('100403329', '100403', 'TEST329', '男', 18, '13000000329');
INSERT INTO `student` VALUES ('100403330', '100403', 'TEST330', '男', 19, '13000000330');
INSERT INTO `student` VALUES ('100403331', '100403', 'TEST331', '女', 19, '13000000331');
INSERT INTO `student` VALUES ('100403332', '100403', 'TEST332', '男', 19, '13000000332');
INSERT INTO `student` VALUES ('100403333', '100403', 'TEST333', '女', 22, '13000000333');
INSERT INTO `student` VALUES ('100403334', '100403', 'TEST334', '女', 18, '13000000334');
INSERT INTO `student` VALUES ('100403335', '100403', 'TEST335', '男', 20, '13000000335');
INSERT INTO `student` VALUES ('100403336', '100403', 'TEST336', '男', 23, '13000000336');
INSERT INTO `student` VALUES ('100403337', '100403', 'TEST337', '女', 19, '13000000337');
INSERT INTO `student` VALUES ('100403338', '100403', 'TEST338', '男', 18, '13000000338');
INSERT INTO `student` VALUES ('100403339', '100403', 'TEST339', '男', 22, '13000000339');
INSERT INTO `student` VALUES ('100403340', '100403', 'TEST340', '男', 19, '13000000340');
INSERT INTO `student` VALUES ('100403341', '100403', 'TEST341', '女', 23, '13000000341');
INSERT INTO `student` VALUES ('100403342', '100403', 'TEST342', '女', 21, '13000000342');
INSERT INTO `student` VALUES ('100403343', '100403', 'TEST343', '女', 20, '13000000343');
INSERT INTO `student` VALUES ('100403344', '100403', 'TEST344', '女', 21, '13000000344');
INSERT INTO `student` VALUES ('100403345', '100403', 'TEST345', '女', 19, '13000000345');
INSERT INTO `student` VALUES ('100403346', '100403', 'TEST346', '女', 19, '13000000346');
INSERT INTO `student` VALUES ('100403347', '100403', 'TEST347', '女', 18, '13000000347');
INSERT INTO `student` VALUES ('100403348', '100403', 'TEST348', '女', 19, '13000000348');
INSERT INTO `student` VALUES ('100403349', '100403', 'TEST349', '男', 23, '13000000349');
INSERT INTO `student` VALUES ('100403350', '100403', 'TEST350', '女', 18, '13000000350');
INSERT INTO `student` VALUES ('100403351', '100403', 'TEST351', '男', 21, '13000000351');
INSERT INTO `student` VALUES ('100403352', '100403', 'TEST352', '女', 19, '13000000352');
INSERT INTO `student` VALUES ('100403353', '100403', 'TEST353', '男', 22, '13000000353');
INSERT INTO `student` VALUES ('100403354', '100403', 'TEST354', '男', 19, '13000000354');
INSERT INTO `student` VALUES ('100403355', '100403', 'TEST355', '女', 23, '13000000355');
INSERT INTO `student` VALUES ('100403356', '100403', 'TEST356', '女', 20, '13000000356');
INSERT INTO `student` VALUES ('100403357', '100403', 'TEST357', '男', 23, '13000000357');
INSERT INTO `student` VALUES ('100403358', '100403', 'TEST358', '男', 21, '13000000358');
INSERT INTO `student` VALUES ('100403359', '100403', 'TEST359', '男', 21, '13000000359');
INSERT INTO `student` VALUES ('100403360', '100403', 'TEST360', '男', 19, '13000000360');
INSERT INTO `student` VALUES ('100403361', '100403', 'TEST361', '女', 22, '13000000361');
INSERT INTO `student` VALUES ('100403362', '100403', 'TEST362', '男', 23, '13000000362');
INSERT INTO `student` VALUES ('100403363', '100403', 'TEST363', '男', 23, '13000000363');
INSERT INTO `student` VALUES ('100403364', '100403', 'TEST364', '女', 23, '13000000364');
INSERT INTO `student` VALUES ('100403365', '100403', 'TEST365', '女', 18, '13000000365');
INSERT INTO `student` VALUES ('100403366', '100403', 'TEST366', '女', 20, '13000000366');
INSERT INTO `student` VALUES ('100403367', '100403', 'TEST367', '男', 18, '13000000367');
INSERT INTO `student` VALUES ('100403368', '100403', 'TEST368', '女', 20, '13000000368');
INSERT INTO `student` VALUES ('100403369', '100403', 'TEST369', '男', 18, '13000000369');
INSERT INTO `student` VALUES ('100403370', '100403', 'TEST370', '男', 22, '13000000370');
INSERT INTO `student` VALUES ('100403371', '100403', 'TEST371', '女', 21, '13000000371');
INSERT INTO `student` VALUES ('100403372', '100403', 'TEST372', '女', 20, '13000000372');
INSERT INTO `student` VALUES ('100403373', '100403', 'TEST373', '男', 18, '13000000373');
INSERT INTO `student` VALUES ('100403374', '100403', 'TEST374', '女', 21, '13000000374');
INSERT INTO `student` VALUES ('100403375', '100403', 'TEST375', '女', 19, '13000000375');
INSERT INTO `student` VALUES ('100403376', '100403', 'TEST376', '女', 22, '13000000376');
INSERT INTO `student` VALUES ('100403377', '100403', 'TEST377', '男', 20, '13000000377');
INSERT INTO `student` VALUES ('100403378', '100403', 'TEST378', '女', 18, '13000000378');
INSERT INTO `student` VALUES ('100403379', '100403', 'TEST379', '女', 19, '13000000379');
INSERT INTO `student` VALUES ('100403380', '100403', 'TEST380', '男', 23, '13000000380');
INSERT INTO `student` VALUES ('100403381', '100403', 'TEST381', '男', 20, '13000000381');
INSERT INTO `student` VALUES ('100403382', '100403', 'TEST382', '女', 20, '13000000382');
INSERT INTO `student` VALUES ('100403383', '100403', 'TEST383', '男', 23, '13000000383');
INSERT INTO `student` VALUES ('100403384', '100403', 'TEST384', '男', 20, '13000000384');
INSERT INTO `student` VALUES ('100403385', '100403', 'TEST385', '女', 19, '13000000385');
INSERT INTO `student` VALUES ('100403386', '100403', 'TEST386', '男', 18, '13000000386');
INSERT INTO `student` VALUES ('100403387', '100403', 'TEST387', '男', 23, '13000000387');
INSERT INTO `student` VALUES ('100403388', '100403', 'TEST388', '男', 18, '13000000388');
INSERT INTO `student` VALUES ('100403389', '100403', 'TEST389', '女', 21, '13000000389');
INSERT INTO `student` VALUES ('100403390', '100403', 'TEST390', '男', 22, '13000000390');
INSERT INTO `student` VALUES ('100403391', '100403', 'TEST391', '女', 21, '13000000391');
INSERT INTO `student` VALUES ('100403392', '100403', 'TEST392', '男', 22, '13000000392');
INSERT INTO `student` VALUES ('100403393', '100403', 'TEST393', '女', 20, '13000000393');
INSERT INTO `student` VALUES ('100403394', '100403', 'TEST394', '女', 22, '13000000394');
INSERT INTO `student` VALUES ('100403395', '100403', 'TEST395', '男', 20, '13000000395');
INSERT INTO `student` VALUES ('100403396', '100403', 'TEST396', '女', 23, '13000000396');
INSERT INTO `student` VALUES ('100403397', '100403', 'TEST397', '男', 22, '13000000397');
INSERT INTO `student` VALUES ('100403398', '100403', 'TEST398', '女', 21, '13000000398');
INSERT INTO `student` VALUES ('100403399', '100403', 'TEST399', '男', 19, '13000000399');
INSERT INTO `student` VALUES ('100403400', '100403', 'TEST400', '女', 20, '13000000400');
INSERT INTO `student` VALUES ('100403401', '100403', 'TEST401', '男', 20, '13000000401');
INSERT INTO `student` VALUES ('100403402', '100403', 'TEST402', '男', 23, '13000000402');
INSERT INTO `student` VALUES ('100403403', '100403', 'TEST403', '男', 21, '13000000403');
INSERT INTO `student` VALUES ('100403404', '100403', 'TEST404', '女', 18, '13000000404');
INSERT INTO `student` VALUES ('100403405', '100403', 'TEST405', '女', 23, '13000000405');
INSERT INTO `student` VALUES ('100403406', '100403', 'TEST406', '男', 23, '13000000406');
INSERT INTO `student` VALUES ('100403407', '100403', 'TEST407', '女', 23, '13000000407');
INSERT INTO `student` VALUES ('100403408', '100403', 'TEST408', '女', 23, '13000000408');
INSERT INTO `student` VALUES ('100403409', '100403', 'TEST409', '男', 18, '13000000409');
INSERT INTO `student` VALUES ('100403410', '100403', 'TEST410', '女', 18, '13000000410');
INSERT INTO `student` VALUES ('100403411', '100403', 'TEST411', '女', 20, '13000000411');
INSERT INTO `student` VALUES ('100403412', '100403', 'TEST412', '女', 23, '13000000412');
INSERT INTO `student` VALUES ('100403413', '100403', 'TEST413', '男', 21, '13000000413');
INSERT INTO `student` VALUES ('100403414', '100403', 'TEST414', '男', 19, '13000000414');
INSERT INTO `student` VALUES ('100403415', '100403', 'TEST415', '男', 18, '13000000415');
INSERT INTO `student` VALUES ('100403416', '100403', 'TEST416', '男', 21, '13000000416');
INSERT INTO `student` VALUES ('100403417', '100403', 'TEST417', '男', 22, '13000000417');
INSERT INTO `student` VALUES ('100403418', '100403', 'TEST418', '女', 21, '13000000418');
INSERT INTO `student` VALUES ('100403419', '100403', 'TEST419', '女', 20, '13000000419');
INSERT INTO `student` VALUES ('100403420', '100403', 'TEST420', '男', 22, '13000000420');
INSERT INTO `student` VALUES ('100403421', '100403', 'TEST421', '女', 18, '13000000421');
INSERT INTO `student` VALUES ('100403422', '100403', 'TEST422', '男', 23, '13000000422');
INSERT INTO `student` VALUES ('100403423', '100403', 'TEST423', '男', 20, '13000000423');
INSERT INTO `student` VALUES ('100403424', '100403', 'TEST424', '男', 18, '13000000424');
INSERT INTO `student` VALUES ('100403425', '100403', 'TEST425', '男', 20, '13000000425');
INSERT INTO `student` VALUES ('100403426', '100403', 'TEST426', '女', 23, '13000000426');
INSERT INTO `student` VALUES ('100403427', '100403', 'TEST427', '男', 22, '13000000427');
INSERT INTO `student` VALUES ('100403428', '100403', 'TEST428', '女', 20, '13000000428');
INSERT INTO `student` VALUES ('100403429', '100403', 'TEST429', '女', 19, '13000000429');
INSERT INTO `student` VALUES ('100403430', '100403', 'TEST430', '女', 23, '13000000430');
INSERT INTO `student` VALUES ('100403431', '100403', 'TEST431', '男', 22, '13000000431');
INSERT INTO `student` VALUES ('100403432', '100403', 'TEST432', '女', 19, '13000000432');
INSERT INTO `student` VALUES ('100403433', '100403', 'TEST433', '女', 21, '13000000433');
INSERT INTO `student` VALUES ('100403434', '100403', 'TEST434', '男', 23, '13000000434');
INSERT INTO `student` VALUES ('100403435', '100403', 'TEST435', '男', 23, '13000000435');
INSERT INTO `student` VALUES ('100403436', '100403', 'TEST436', '男', 21, '13000000436');
INSERT INTO `student` VALUES ('100403437', '100403', 'TEST437', '男', 23, '13000000437');
INSERT INTO `student` VALUES ('100403438', '100403', 'TEST438', '女', 19, '13000000438');
INSERT INTO `student` VALUES ('100403439', '100403', 'TEST439', '男', 18, '13000000439');
INSERT INTO `student` VALUES ('100403440', '100403', 'TEST440', '女', 22, '13000000440');
INSERT INTO `student` VALUES ('100403441', '100403', 'TEST441', '男', 20, '13000000441');
INSERT INTO `student` VALUES ('100403442', '100403', 'TEST442', '女', 21, '13000000442');
INSERT INTO `student` VALUES ('100403443', '100403', 'TEST443', '女', 18, '13000000443');
INSERT INTO `student` VALUES ('100403444', '100403', 'TEST444', '男', 23, '13000000444');
INSERT INTO `student` VALUES ('100403445', '100403', 'TEST445', '男', 18, '13000000445');
INSERT INTO `student` VALUES ('100403446', '100403', 'TEST446', '男', 22, '13000000446');
INSERT INTO `student` VALUES ('100403447', '100403', 'TEST447', '男', 23, '13000000447');
INSERT INTO `student` VALUES ('100403448', '100403', 'TEST448', '女', 21, '13000000448');
INSERT INTO `student` VALUES ('100403449', '100403', 'TEST449', '女', 18, '13000000449');
INSERT INTO `student` VALUES ('100403450', '100403', 'TEST450', '女', 20, '13000000450');
INSERT INTO `student` VALUES ('100403451', '100403', 'TEST451', '女', 23, '13000000451');
INSERT INTO `student` VALUES ('100403452', '100403', 'TEST452', '女', 23, '13000000452');
INSERT INTO `student` VALUES ('100403453', '100403', 'TEST453', '女', 22, '13000000453');
INSERT INTO `student` VALUES ('100403454', '100403', 'TEST454', '女', 19, '13000000454');
INSERT INTO `student` VALUES ('100403455', '100403', 'TEST455', '女', 21, '13000000455');
INSERT INTO `student` VALUES ('100403456', '100403', 'TEST456', '男', 22, '13000000456');
INSERT INTO `student` VALUES ('100403457', '100403', 'TEST457', '男', 23, '13000000457');
INSERT INTO `student` VALUES ('100403458', '100403', 'TEST458', '女', 19, '13000000458');
INSERT INTO `student` VALUES ('100403459', '100403', 'TEST459', '男', 18, '13000000459');
INSERT INTO `student` VALUES ('100403460', '100403', 'TEST460', '女', 23, '13000000460');
INSERT INTO `student` VALUES ('100403461', '100403', 'TEST461', '女', 19, '13000000461');
INSERT INTO `student` VALUES ('100403462', '100403', 'TEST462', '女', 23, '13000000462');
INSERT INTO `student` VALUES ('100403463', '100403', 'TEST463', '男', 19, '13000000463');
INSERT INTO `student` VALUES ('100403464', '100403', 'TEST464', '女', 23, '13000000464');
INSERT INTO `student` VALUES ('100403465', '100403', 'TEST465', '男', 20, '13000000465');
INSERT INTO `student` VALUES ('100403466', '100403', 'TEST466', '男', 20, '13000000466');
INSERT INTO `student` VALUES ('100403467', '100403', 'TEST467', '女', 18, '13000000467');
INSERT INTO `student` VALUES ('100403468', '100403', 'TEST468', '女', 21, '13000000468');
INSERT INTO `student` VALUES ('100403469', '100403', 'TEST469', '女', 18, '13000000469');
INSERT INTO `student` VALUES ('100403470', '100403', 'TEST470', '男', 19, '13000000470');
INSERT INTO `student` VALUES ('100403471', '100403', 'TEST471', '男', 23, '13000000471');
INSERT INTO `student` VALUES ('100403472', '100403', 'TEST472', '女', 19, '13000000472');
INSERT INTO `student` VALUES ('100403473', '100403', 'TEST473', '男', 19, '13000000473');
INSERT INTO `student` VALUES ('100403474', '100403', 'TEST474', '男', 18, '13000000474');
INSERT INTO `student` VALUES ('100403475', '100403', 'TEST475', '女', 18, '13000000475');
INSERT INTO `student` VALUES ('100403476', '100403', 'TEST476', '女', 19, '13000000476');
INSERT INTO `student` VALUES ('100403477', '100403', 'TEST477', '男', 23, '13000000477');
INSERT INTO `student` VALUES ('100403478', '100403', 'TEST478', '男', 23, '13000000478');
INSERT INTO `student` VALUES ('100403479', '100403', 'TEST479', '女', 19, '13000000479');
INSERT INTO `student` VALUES ('100403480', '100403', 'TEST480', '男', 20, '13000000480');
INSERT INTO `student` VALUES ('100403481', '100403', 'TEST481', '女', 18, '13000000481');
INSERT INTO `student` VALUES ('100403482', '100403', 'TEST482', '男', 18, '13000000482');
INSERT INTO `student` VALUES ('100403483', '100403', 'TEST483', '女', 23, '13000000483');
INSERT INTO `student` VALUES ('100403484', '100403', 'TEST484', '男', 21, '13000000484');
INSERT INTO `student` VALUES ('100403485', '100403', 'TEST485', '女', 19, '13000000485');
INSERT INTO `student` VALUES ('100403486', '100403', 'TEST486', '男', 22, '13000000486');
INSERT INTO `student` VALUES ('100403487', '100403', 'TEST487', '女', 22, '13000000487');
INSERT INTO `student` VALUES ('100403488', '100403', 'TEST488', '女', 20, '13000000488');
INSERT INTO `student` VALUES ('100403489', '100403', 'TEST489', '男', 18, '13000000489');
INSERT INTO `student` VALUES ('100403490', '100403', 'TEST490', '女', 18, '13000000490');
INSERT INTO `student` VALUES ('100403491', '100403', 'TEST491', '女', 21, '13000000491');
INSERT INTO `student` VALUES ('100403492', '100403', 'TEST492', '男', 19, '13000000492');
INSERT INTO `student` VALUES ('100403493', '100403', 'TEST493', '男', 19, '13000000493');
INSERT INTO `student` VALUES ('100403494', '100403', 'TEST494', '男', 21, '13000000494');
INSERT INTO `student` VALUES ('100403495', '100403', 'TEST495', '女', 21, '13000000495');
INSERT INTO `student` VALUES ('100403496', '100403', 'TEST496', '男', 22, '13000000496');
INSERT INTO `student` VALUES ('100403497', '100403', 'TEST497', '男', 21, '13000000497');
INSERT INTO `student` VALUES ('100403498', '100403', 'TEST498', '女', 18, '13000000498');
INSERT INTO `student` VALUES ('100403499', '100403', 'TEST499', '男', 23, '13000000499');
INSERT INTO `student` VALUES ('100403500', '100403', 'TEST500', '女', 20, '13000000500');
INSERT INTO `student` VALUES ('100403501', '100403', 'TEST501', '男', 23, '13000000501');
INSERT INTO `student` VALUES ('100403502', '100403', 'TEST502', '女', 21, '13000000502');
INSERT INTO `student` VALUES ('100403503', '100403', 'TEST503', '女', 21, '13000000503');
INSERT INTO `student` VALUES ('100403504', '100403', 'TEST504', '女', 21, '13000000504');
INSERT INTO `student` VALUES ('100403505', '100403', 'TEST505', '男', 21, '13000000505');
INSERT INTO `student` VALUES ('100403506', '100403', 'TEST506', '男', 19, '13000000506');
INSERT INTO `student` VALUES ('100403507', '100403', 'TEST507', '男', 20, '13000000507');
INSERT INTO `student` VALUES ('100403508', '100403', 'TEST508', '男', 19, '13000000508');
INSERT INTO `student` VALUES ('100403509', '100403', 'TEST509', '男', 18, '13000000509');
INSERT INTO `student` VALUES ('100403510', '100403', 'TEST510', '女', 21, '13000000510');
INSERT INTO `student` VALUES ('100403511', '100403', 'TEST511', '女', 22, '13000000511');
INSERT INTO `student` VALUES ('100403512', '100403', 'TEST512', '男', 23, '13000000512');
INSERT INTO `student` VALUES ('100403513', '100403', 'TEST513', '男', 21, '13000000513');
INSERT INTO `student` VALUES ('100403514', '100403', 'TEST514', '男', 22, '13000000514');
INSERT INTO `student` VALUES ('100403515', '100403', 'TEST515', '男', 23, '13000000515');
INSERT INTO `student` VALUES ('100403516', '100403', 'TEST516', '男', 20, '13000000516');
INSERT INTO `student` VALUES ('100403517', '100403', 'TEST517', '男', 21, '13000000517');
INSERT INTO `student` VALUES ('100403518', '100403', 'TEST518', '男', 18, '13000000518');
INSERT INTO `student` VALUES ('100403519', '100403', 'TEST519', '女', 23, '13000000519');
INSERT INTO `student` VALUES ('100403520', '100403', 'TEST520', '女', 18, '13000000520');
INSERT INTO `student` VALUES ('100403521', '100403', 'TEST521', '男', 23, '13000000521');
INSERT INTO `student` VALUES ('100403522', '100403', 'TEST522', '男', 18, '13000000522');
INSERT INTO `student` VALUES ('100403523', '100403', 'TEST523', '男', 22, '13000000523');
INSERT INTO `student` VALUES ('100403524', '100403', 'TEST524', '女', 20, '13000000524');
INSERT INTO `student` VALUES ('100403525', '100403', 'TEST525', '男', 21, '13000000525');
INSERT INTO `student` VALUES ('100403526', '100403', 'TEST526', '女', 22, '13000000526');
INSERT INTO `student` VALUES ('100403527', '100403', 'TEST527', '男', 20, '13000000527');
INSERT INTO `student` VALUES ('100403528', '100403', 'TEST528', '男', 18, '13000000528');
INSERT INTO `student` VALUES ('100403529', '100403', 'TEST529', '女', 21, '13000000529');
INSERT INTO `student` VALUES ('100403530', '100403', 'TEST530', '男', 22, '13000000530');
INSERT INTO `student` VALUES ('100403531', '100403', 'TEST531', '男', 20, '13000000531');
INSERT INTO `student` VALUES ('100403532', '100403', 'TEST532', '男', 18, '13000000532');
INSERT INTO `student` VALUES ('100403533', '100403', 'TEST533', '女', 23, '13000000533');
INSERT INTO `student` VALUES ('100403534', '100403', 'TEST534', '女', 18, '13000000534');
INSERT INTO `student` VALUES ('100403535', '100403', 'TEST535', '男', 21, '13000000535');
INSERT INTO `student` VALUES ('100403536', '100403', 'TEST536', '男', 20, '13000000536');
INSERT INTO `student` VALUES ('100403537', '100403', 'TEST537', '男', 22, '13000000537');
INSERT INTO `student` VALUES ('100403538', '100403', 'TEST538', '女', 21, '13000000538');
INSERT INTO `student` VALUES ('100403539', '100403', 'TEST539', '女', 21, '13000000539');
INSERT INTO `student` VALUES ('100403540', '100403', 'TEST540', '女', 20, '13000000540');
INSERT INTO `student` VALUES ('100403541', '100403', 'TEST541', '女', 20, '13000000541');
INSERT INTO `student` VALUES ('100403542', '100403', 'TEST542', '男', 18, '13000000542');
INSERT INTO `student` VALUES ('100403543', '100403', 'TEST543', '男', 19, '13000000543');
INSERT INTO `student` VALUES ('100403544', '100403', 'TEST544', '女', 20, '13000000544');
INSERT INTO `student` VALUES ('100403545', '100403', 'TEST545', '女', 18, '13000000545');
INSERT INTO `student` VALUES ('100403546', '100403', 'TEST546', '女', 21, '13000000546');
INSERT INTO `student` VALUES ('100403547', '100403', 'TEST547', '女', 22, '13000000547');
INSERT INTO `student` VALUES ('100403548', '100403', 'TEST548', '女', 23, '13000000548');
INSERT INTO `student` VALUES ('100403549', '100403', 'TEST549', '男', 19, '13000000549');
INSERT INTO `student` VALUES ('100403550', '100403', 'TEST550', '女', 18, '13000000550');
INSERT INTO `student` VALUES ('100403551', '100403', 'TEST551', '男', 19, '13000000551');
INSERT INTO `student` VALUES ('100403552', '100403', 'TEST552', '女', 22, '13000000552');
INSERT INTO `student` VALUES ('100403553', '100403', 'TEST553', '男', 23, '13000000553');
INSERT INTO `student` VALUES ('100403554', '100403', 'TEST554', '男', 19, '13000000554');
INSERT INTO `student` VALUES ('100403555', '100403', 'TEST555', '男', 20, '13000000555');
INSERT INTO `student` VALUES ('100403556', '100403', 'TEST556', '男', 22, '13000000556');
INSERT INTO `student` VALUES ('100403557', '100403', 'TEST557', '男', 22, '13000000557');
INSERT INTO `student` VALUES ('100403558', '100403', 'TEST558', '女', 22, '13000000558');
INSERT INTO `student` VALUES ('100403559', '100403', 'TEST559', '女', 19, '13000000559');
INSERT INTO `student` VALUES ('100403560', '100403', 'TEST560', '女', 23, '13000000560');
INSERT INTO `student` VALUES ('100403561', '100403', 'TEST561', '男', 21, '13000000561');
INSERT INTO `student` VALUES ('100403562', '100403', 'TEST562', '女', 20, '13000000562');
INSERT INTO `student` VALUES ('100403563', '100403', 'TEST563', '女', 20, '13000000563');
INSERT INTO `student` VALUES ('100403564', '100403', 'TEST564', '男', 23, '13000000564');
INSERT INTO `student` VALUES ('100403565', '100403', 'TEST565', '女', 18, '13000000565');
INSERT INTO `student` VALUES ('100403566', '100403', 'TEST566', '女', 20, '13000000566');
INSERT INTO `student` VALUES ('100403567', '100403', 'TEST567', '女', 19, '13000000567');
INSERT INTO `student` VALUES ('100403568', '100403', 'TEST568', '男', 21, '13000000568');
INSERT INTO `student` VALUES ('100403569', '100403', 'TEST569', '男', 20, '13000000569');
INSERT INTO `student` VALUES ('100403570', '100403', 'TEST570', '男', 22, '13000000570');
INSERT INTO `student` VALUES ('100403571', '100403', 'TEST571', '女', 22, '13000000571');
INSERT INTO `student` VALUES ('100403572', '100403', 'TEST572', '男', 18, '13000000572');
INSERT INTO `student` VALUES ('100403573', '100403', 'TEST573', '女', 22, '13000000573');
INSERT INTO `student` VALUES ('100403574', '100403', 'TEST574', '男', 19, '13000000574');
INSERT INTO `student` VALUES ('100403575', '100403', 'TEST575', '女', 21, '13000000575');
INSERT INTO `student` VALUES ('100403576', '100403', 'TEST576', '女', 21, '13000000576');
INSERT INTO `student` VALUES ('100403577', '100403', 'TEST577', '女', 19, '13000000577');
INSERT INTO `student` VALUES ('100403578', '100403', 'TEST578', '女', 22, '13000000578');
INSERT INTO `student` VALUES ('100403579', '100403', 'TEST579', '男', 20, '13000000579');
INSERT INTO `student` VALUES ('100403580', '100403', 'TEST580', '女', 22, '13000000580');
INSERT INTO `student` VALUES ('100403581', '100403', 'TEST581', '女', 23, '13000000581');
INSERT INTO `student` VALUES ('100403582', '100403', 'TEST582', '男', 19, '13000000582');
INSERT INTO `student` VALUES ('100403583', '100403', 'TEST583', '女', 20, '13000000583');
INSERT INTO `student` VALUES ('100403584', '100403', 'TEST584', '男', 18, '13000000584');
INSERT INTO `student` VALUES ('100403585', '100403', 'TEST585', '男', 18, '13000000585');
INSERT INTO `student` VALUES ('100403586', '100403', 'TEST586', '男', 22, '13000000586');
INSERT INTO `student` VALUES ('100403587', '100403', 'TEST587', '男', 23, '13000000587');
INSERT INTO `student` VALUES ('100403588', '100403', 'TEST588', '女', 21, '13000000588');
INSERT INTO `student` VALUES ('100403589', '100403', 'TEST589', '女', 20, '13000000589');
INSERT INTO `student` VALUES ('100403590', '100403', 'TEST590', '女', 18, '13000000590');
INSERT INTO `student` VALUES ('100403591', '100403', 'TEST591', '女', 19, '13000000591');
INSERT INTO `student` VALUES ('100403592', '100403', 'TEST592', '女', 23, '13000000592');
INSERT INTO `student` VALUES ('100403593', '100403', 'TEST593', '男', 20, '13000000593');
INSERT INTO `student` VALUES ('100403594', '100403', 'TEST594', '女', 22, '13000000594');
INSERT INTO `student` VALUES ('100403595', '100403', 'TEST595', '女', 20, '13000000595');
INSERT INTO `student` VALUES ('100403596', '100403', 'TEST596', '女', 22, '13000000596');
INSERT INTO `student` VALUES ('100403597', '100403', 'TEST597', '女', 20, '13000000597');
INSERT INTO `student` VALUES ('100403598', '100403', 'TEST598', '男', 23, '13000000598');
INSERT INTO `student` VALUES ('100403599', '100403', 'TEST599', '男', 23, '13000000599');
INSERT INTO `student` VALUES ('100403600', '100403', 'TEST600', '男', 21, '13000000600');
INSERT INTO `student` VALUES ('100403601', '100403', 'TEST601', '女', 21, '13000000601');
INSERT INTO `student` VALUES ('100403602', '100403', 'TEST602', '女', 22, '13000000602');
INSERT INTO `student` VALUES ('100403603', '100403', 'TEST603', '女', 19, '13000000603');
INSERT INTO `student` VALUES ('100403604', '100403', 'TEST604', '男', 22, '13000000604');
INSERT INTO `student` VALUES ('100403605', '100403', 'TEST605', '女', 21, '13000000605');
INSERT INTO `student` VALUES ('100403606', '100403', 'TEST606', '男', 20, '13000000606');
INSERT INTO `student` VALUES ('100403607', '100403', 'TEST607', '男', 22, '13000000607');
INSERT INTO `student` VALUES ('100403608', '100403', 'TEST608', '女', 22, '13000000608');
INSERT INTO `student` VALUES ('100403609', '100403', 'TEST609', '男', 23, '13000000609');
INSERT INTO `student` VALUES ('100403610', '100403', 'TEST610', '男', 19, '13000000610');
INSERT INTO `student` VALUES ('100403611', '100403', 'TEST611', '女', 19, '13000000611');
INSERT INTO `student` VALUES ('100403612', '100403', 'TEST612', '男', 22, '13000000612');
INSERT INTO `student` VALUES ('100403613', '100403', 'TEST613', '女', 23, '13000000613');
INSERT INTO `student` VALUES ('100403614', '100403', 'TEST614', '男', 19, '13000000614');
INSERT INTO `student` VALUES ('100403615', '100403', 'TEST615', '男', 21, '13000000615');
INSERT INTO `student` VALUES ('100403616', '100403', 'TEST616', '女', 18, '13000000616');
INSERT INTO `student` VALUES ('100403617', '100403', 'TEST617', '男', 19, '13000000617');
INSERT INTO `student` VALUES ('100403618', '100403', 'TEST618', '男', 22, '13000000618');
INSERT INTO `student` VALUES ('100403619', '100403', 'TEST619', '女', 21, '13000000619');
INSERT INTO `student` VALUES ('100403620', '100403', 'TEST620', '男', 21, '13000000620');
INSERT INTO `student` VALUES ('100403621', '100403', 'TEST621', '男', 18, '13000000621');
INSERT INTO `student` VALUES ('100403622', '100403', 'TEST622', '女', 18, '13000000622');
INSERT INTO `student` VALUES ('100403623', '100403', 'TEST623', '女', 20, '13000000623');
INSERT INTO `student` VALUES ('100403624', '100403', 'TEST624', '男', 18, '13000000624');
INSERT INTO `student` VALUES ('100403625', '100403', 'TEST625', '男', 19, '13000000625');
INSERT INTO `student` VALUES ('100403626', '100403', 'TEST626', '女', 18, '13000000626');
INSERT INTO `student` VALUES ('100403627', '100403', 'TEST627', '女', 20, '13000000627');
INSERT INTO `student` VALUES ('100403628', '100403', 'TEST628', '女', 18, '13000000628');
INSERT INTO `student` VALUES ('100403629', '100403', 'TEST629', '女', 18, '13000000629');
INSERT INTO `student` VALUES ('100403630', '100403', 'TEST630', '男', 23, '13000000630');
INSERT INTO `student` VALUES ('100403631', '100403', 'TEST631', '男', 21, '13000000631');
INSERT INTO `student` VALUES ('100403632', '100403', 'TEST632', '男', 22, '13000000632');
INSERT INTO `student` VALUES ('100403633', '100403', 'TEST633', '女', 18, '13000000633');
INSERT INTO `student` VALUES ('100403634', '100403', 'TEST634', '男', 18, '13000000634');
INSERT INTO `student` VALUES ('100403635', '100403', 'TEST635', '女', 23, '13000000635');
INSERT INTO `student` VALUES ('100403636', '100403', 'TEST636', '男', 22, '13000000636');
INSERT INTO `student` VALUES ('100403637', '100403', 'TEST637', '男', 19, '13000000637');
INSERT INTO `student` VALUES ('100403638', '100403', 'TEST638', '男', 19, '13000000638');
INSERT INTO `student` VALUES ('100403639', '100403', 'TEST639', '女', 22, '13000000639');
INSERT INTO `student` VALUES ('100403640', '100403', 'TEST640', '女', 22, '13000000640');
INSERT INTO `student` VALUES ('100403641', '100403', 'TEST641', '女', 22, '13000000641');
INSERT INTO `student` VALUES ('100403642', '100403', 'TEST642', '男', 19, '13000000642');
INSERT INTO `student` VALUES ('100403643', '100403', 'TEST643', '男', 20, '13000000643');
INSERT INTO `student` VALUES ('100403644', '100403', 'TEST644', '女', 21, '13000000644');
INSERT INTO `student` VALUES ('100403645', '100403', 'TEST645', '女', 20, '13000000645');
INSERT INTO `student` VALUES ('100403646', '100403', 'TEST646', '女', 18, '13000000646');
INSERT INTO `student` VALUES ('100403647', '100403', 'TEST647', '女', 20, '13000000647');
INSERT INTO `student` VALUES ('100403648', '100403', 'TEST648', '男', 22, '13000000648');
INSERT INTO `student` VALUES ('100403649', '100403', 'TEST649', '女', 22, '13000000649');
INSERT INTO `student` VALUES ('100403650', '100403', 'TEST650', '男', 22, '13000000650');
INSERT INTO `student` VALUES ('100403651', '100403', 'TEST651', '女', 22, '13000000651');
INSERT INTO `student` VALUES ('100403652', '100403', 'TEST652', '女', 21, '13000000652');
INSERT INTO `student` VALUES ('100403653', '100403', 'TEST653', '男', 22, '13000000653');
INSERT INTO `student` VALUES ('100403654', '100403', 'TEST654', '男', 18, '13000000654');
INSERT INTO `student` VALUES ('100403655', '100403', 'TEST655', '男', 20, '13000000655');
INSERT INTO `student` VALUES ('100403656', '100403', 'TEST656', '女', 21, '13000000656');
INSERT INTO `student` VALUES ('100403657', '100403', 'TEST657', '男', 18, '13000000657');
INSERT INTO `student` VALUES ('100403658', '100403', 'TEST658', '男', 23, '13000000658');
INSERT INTO `student` VALUES ('100403659', '100403', 'TEST659', '男', 21, '13000000659');
INSERT INTO `student` VALUES ('100403660', '100403', 'TEST660', '女', 19, '13000000660');
INSERT INTO `student` VALUES ('100403661', '100403', 'TEST661', '男', 20, '13000000661');
INSERT INTO `student` VALUES ('100403662', '100403', 'TEST662', '女', 18, '13000000662');
INSERT INTO `student` VALUES ('100403663', '100403', 'TEST663', '女', 23, '13000000663');
INSERT INTO `student` VALUES ('100403664', '100403', 'TEST664', '女', 18, '13000000664');
INSERT INTO `student` VALUES ('100403665', '100403', 'TEST665', '男', 19, '13000000665');
INSERT INTO `student` VALUES ('100403666', '100403', 'TEST666', '男', 22, '13000000666');
INSERT INTO `student` VALUES ('100403667', '100403', 'TEST667', '男', 22, '13000000667');
INSERT INTO `student` VALUES ('100403668', '100403', 'TEST668', '女', 21, '13000000668');
INSERT INTO `student` VALUES ('100403669', '100403', 'TEST669', '男', 21, '13000000669');
INSERT INTO `student` VALUES ('100403670', '100403', 'TEST670', '女', 20, '13000000670');
INSERT INTO `student` VALUES ('100403671', '100403', 'TEST671', '女', 22, '13000000671');
INSERT INTO `student` VALUES ('100403672', '100403', 'TEST672', '女', 23, '13000000672');
INSERT INTO `student` VALUES ('100403673', '100403', 'TEST673', '男', 19, '13000000673');
INSERT INTO `student` VALUES ('100403674', '100403', 'TEST674', '女', 23, '13000000674');
INSERT INTO `student` VALUES ('100403675', '100403', 'TEST675', '女', 20, '13000000675');
INSERT INTO `student` VALUES ('100403676', '100403', 'TEST676', '男', 20, '13000000676');
INSERT INTO `student` VALUES ('100403677', '100403', 'TEST677', '男', 21, '13000000677');
INSERT INTO `student` VALUES ('100403678', '100403', 'TEST678', '男', 19, '13000000678');
INSERT INTO `student` VALUES ('100403679', '100403', 'TEST679', '男', 22, '13000000679');
INSERT INTO `student` VALUES ('100403680', '100403', 'TEST680', '女', 20, '13000000680');
INSERT INTO `student` VALUES ('100403681', '100403', 'TEST681', '女', 23, '13000000681');
INSERT INTO `student` VALUES ('100403682', '100403', 'TEST682', '男', 18, '13000000682');
INSERT INTO `student` VALUES ('100403683', '100403', 'TEST683', '男', 18, '13000000683');
INSERT INTO `student` VALUES ('100403684', '100403', 'TEST684', '女', 21, '13000000684');
INSERT INTO `student` VALUES ('100403685', '100403', 'TEST685', '女', 19, '13000000685');
INSERT INTO `student` VALUES ('100403686', '100403', 'TEST686', '女', 21, '13000000686');
INSERT INTO `student` VALUES ('100403687', '100403', 'TEST687', '男', 23, '13000000687');
INSERT INTO `student` VALUES ('100403688', '100403', 'TEST688', '男', 22, '13000000688');
INSERT INTO `student` VALUES ('100403689', '100403', 'TEST689', '男', 22, '13000000689');
INSERT INTO `student` VALUES ('100403690', '100403', 'TEST690', '女', 20, '13000000690');
INSERT INTO `student` VALUES ('100403691', '100403', 'TEST691', '男', 19, '13000000691');
INSERT INTO `student` VALUES ('100403692', '100403', 'TEST692', '女', 23, '13000000692');
INSERT INTO `student` VALUES ('100403693', '100403', 'TEST693', '男', 19, '13000000693');
INSERT INTO `student` VALUES ('100403694', '100403', 'TEST694', '女', 18, '13000000694');
INSERT INTO `student` VALUES ('100403695', '100403', 'TEST695', '男', 21, '13000000695');
INSERT INTO `student` VALUES ('100403696', '100403', 'TEST696', '女', 18, '13000000696');
INSERT INTO `student` VALUES ('100403697', '100403', 'TEST697', '男', 20, '13000000697');
INSERT INTO `student` VALUES ('100403698', '100403', 'TEST698', '男', 18, '13000000698');
INSERT INTO `student` VALUES ('100403699', '100403', 'TEST699', '男', 20, '13000000699');
INSERT INTO `student` VALUES ('100403700', '100403', 'TEST700', '女', 23, '13000000700');
INSERT INTO `student` VALUES ('100403701', '100403', 'TEST701', '女', 21, '13000000701');
INSERT INTO `student` VALUES ('100403702', '100403', 'TEST702', '女', 21, '13000000702');
INSERT INTO `student` VALUES ('100403703', '100403', 'TEST703', '女', 19, '13000000703');
INSERT INTO `student` VALUES ('100403704', '100403', 'TEST704', '男', 18, '13000000704');
INSERT INTO `student` VALUES ('100403705', '100403', 'TEST705', '男', 19, '13000000705');
INSERT INTO `student` VALUES ('100403706', '100403', 'TEST706', '女', 18, '13000000706');
INSERT INTO `student` VALUES ('100403707', '100403', 'TEST707', '女', 23, '13000000707');
INSERT INTO `student` VALUES ('100403708', '100403', 'TEST708', '男', 21, '13000000708');
INSERT INTO `student` VALUES ('100403709', '100403', 'TEST709', '男', 20, '13000000709');
INSERT INTO `student` VALUES ('100403710', '100403', 'TEST710', '女', 23, '13000000710');
INSERT INTO `student` VALUES ('100403711', '100403', 'TEST711', '女', 19, '13000000711');
INSERT INTO `student` VALUES ('100403712', '100403', 'TEST712', '男', 23, '13000000712');
INSERT INTO `student` VALUES ('100403713', '100403', 'TEST713', '男', 21, '13000000713');
INSERT INTO `student` VALUES ('100403714', '100403', 'TEST714', '男', 23, '13000000714');
INSERT INTO `student` VALUES ('100403715', '100403', 'TEST715', '女', 21, '13000000715');
INSERT INTO `student` VALUES ('100403716', '100403', 'TEST716', '女', 22, '13000000716');
INSERT INTO `student` VALUES ('100403717', '100403', 'TEST717', '女', 22, '13000000717');
INSERT INTO `student` VALUES ('100403718', '100403', 'TEST718', '女', 22, '13000000718');
INSERT INTO `student` VALUES ('100403719', '100403', 'TEST719', '男', 20, '13000000719');
INSERT INTO `student` VALUES ('100403720', '100403', 'TEST720', '男', 18, '13000000720');
INSERT INTO `student` VALUES ('100403721', '100403', 'TEST721', '男', 18, '13000000721');
INSERT INTO `student` VALUES ('100403722', '100403', 'TEST722', '女', 21, '13000000722');
INSERT INTO `student` VALUES ('100403723', '100403', 'TEST723', '男', 21, '13000000723');
INSERT INTO `student` VALUES ('100403724', '100403', 'TEST724', '男', 18, '13000000724');
INSERT INTO `student` VALUES ('100403725', '100403', 'TEST725', '男', 22, '13000000725');
INSERT INTO `student` VALUES ('100403726', '100403', 'TEST726', '男', 21, '13000000726');
INSERT INTO `student` VALUES ('100403727', '100403', 'TEST727', '男', 21, '13000000727');
INSERT INTO `student` VALUES ('100403728', '100403', 'TEST728', '男', 21, '13000000728');
INSERT INTO `student` VALUES ('100403729', '100403', 'TEST729', '女', 22, '13000000729');
INSERT INTO `student` VALUES ('100403730', '100403', 'TEST730', '女', 22, '13000000730');
INSERT INTO `student` VALUES ('100403731', '100403', 'TEST731', '女', 19, '13000000731');
INSERT INTO `student` VALUES ('100403732', '100403', 'TEST732', '男', 19, '13000000732');
INSERT INTO `student` VALUES ('100403733', '100403', 'TEST733', '女', 23, '13000000733');
INSERT INTO `student` VALUES ('100403734', '100403', 'TEST734', '女', 21, '13000000734');
INSERT INTO `student` VALUES ('100403735', '100403', 'TEST735', '女', 20, '13000000735');
INSERT INTO `student` VALUES ('100403736', '100403', 'TEST736', '男', 22, '13000000736');
INSERT INTO `student` VALUES ('100403737', '100403', 'TEST737', '男', 19, '13000000737');
INSERT INTO `student` VALUES ('100403738', '100403', 'TEST738', '女', 18, '13000000738');
INSERT INTO `student` VALUES ('100403739', '100403', 'TEST739', '女', 19, '13000000739');
INSERT INTO `student` VALUES ('100403740', '100403', 'TEST740', '男', 18, '13000000740');
INSERT INTO `student` VALUES ('100403741', '100403', 'TEST741', '女', 19, '13000000741');
INSERT INTO `student` VALUES ('100403742', '100403', 'TEST742', '女', 20, '13000000742');
INSERT INTO `student` VALUES ('100403743', '100403', 'TEST743', '男', 18, '13000000743');
INSERT INTO `student` VALUES ('100403744', '100403', 'TEST744', '男', 20, '13000000744');
INSERT INTO `student` VALUES ('100403745', '100403', 'TEST745', '女', 22, '13000000745');
INSERT INTO `student` VALUES ('100403746', '100403', 'TEST746', '男', 22, '13000000746');
INSERT INTO `student` VALUES ('100403747', '100403', 'TEST747', '男', 18, '13000000747');
INSERT INTO `student` VALUES ('100403748', '100403', 'TEST748', '男', 21, '13000000748');
INSERT INTO `student` VALUES ('100403749', '100403', 'TEST749', '男', 20, '13000000749');
INSERT INTO `student` VALUES ('100403750', '100403', 'TEST750', '男', 23, '13000000750');
INSERT INTO `student` VALUES ('100403751', '100403', 'TEST751', '男', 18, '13000000751');
INSERT INTO `student` VALUES ('100403752', '100403', 'TEST752', '女', 21, '13000000752');
INSERT INTO `student` VALUES ('100403753', '100403', 'TEST753', '女', 20, '13000000753');
INSERT INTO `student` VALUES ('100403754', '100403', 'TEST754', '男', 23, '13000000754');
INSERT INTO `student` VALUES ('100403755', '100403', 'TEST755', '女', 20, '13000000755');
INSERT INTO `student` VALUES ('100403756', '100403', 'TEST756', '女', 23, '13000000756');
INSERT INTO `student` VALUES ('100403757', '100403', 'TEST757', '女', 22, '13000000757');
INSERT INTO `student` VALUES ('100403758', '100403', 'TEST758', '女', 18, '13000000758');
INSERT INTO `student` VALUES ('100403759', '100403', 'TEST759', '女', 18, '13000000759');
INSERT INTO `student` VALUES ('100403760', '100403', 'TEST760', '女', 22, '13000000760');
INSERT INTO `student` VALUES ('100403761', '100403', 'TEST761', '男', 20, '13000000761');
INSERT INTO `student` VALUES ('100403762', '100403', 'TEST762', '男', 20, '13000000762');
INSERT INTO `student` VALUES ('100403763', '100403', 'TEST763', '女', 22, '13000000763');
INSERT INTO `student` VALUES ('100403764', '100403', 'TEST764', '女', 21, '13000000764');
INSERT INTO `student` VALUES ('100403765', '100403', 'TEST765', '女', 22, '13000000765');
INSERT INTO `student` VALUES ('100403766', '100403', 'TEST766', '女', 20, '13000000766');
INSERT INTO `student` VALUES ('100403767', '100403', 'TEST767', '男', 19, '13000000767');
INSERT INTO `student` VALUES ('100403768', '100403', 'TEST768', '男', 23, '13000000768');
INSERT INTO `student` VALUES ('100403769', '100403', 'TEST769', '男', 19, '13000000769');
INSERT INTO `student` VALUES ('100403770', '100403', 'TEST770', '男', 21, '13000000770');
INSERT INTO `student` VALUES ('100403771', '100403', 'TEST771', '男', 23, '13000000771');
INSERT INTO `student` VALUES ('100403772', '100403', 'TEST772', '男', 18, '13000000772');
INSERT INTO `student` VALUES ('100403773', '100403', 'TEST773', '女', 21, '13000000773');
INSERT INTO `student` VALUES ('100403774', '100403', 'TEST774', '男', 20, '13000000774');
INSERT INTO `student` VALUES ('100403775', '100403', 'TEST775', '女', 18, '13000000775');
INSERT INTO `student` VALUES ('100403776', '100403', 'TEST776', '女', 22, '13000000776');
INSERT INTO `student` VALUES ('100403777', '100403', 'TEST777', '女', 18, '13000000777');
INSERT INTO `student` VALUES ('100403778', '100403', 'TEST778', '女', 18, '13000000778');
INSERT INTO `student` VALUES ('100403779', '100403', 'TEST779', '男', 21, '13000000779');
INSERT INTO `student` VALUES ('100403780', '100403', 'TEST780', '男', 19, '13000000780');
INSERT INTO `student` VALUES ('100403781', '100403', 'TEST781', '女', 18, '13000000781');
INSERT INTO `student` VALUES ('100403782', '100403', 'TEST782', '女', 22, '13000000782');
INSERT INTO `student` VALUES ('100403783', '100403', 'TEST783', '男', 23, '13000000783');
INSERT INTO `student` VALUES ('100403784', '100403', 'TEST784', '女', 18, '13000000784');
INSERT INTO `student` VALUES ('100403785', '100403', 'TEST785', '男', 19, '13000000785');
INSERT INTO `student` VALUES ('100403786', '100403', 'TEST786', '女', 22, '13000000786');
INSERT INTO `student` VALUES ('100403787', '100403', 'TEST787', '男', 21, '13000000787');
INSERT INTO `student` VALUES ('100403788', '100403', 'TEST788', '男', 18, '13000000788');
INSERT INTO `student` VALUES ('100403789', '100403', 'TEST789', '男', 23, '13000000789');
INSERT INTO `student` VALUES ('100403790', '100403', 'TEST790', '男', 22, '13000000790');
INSERT INTO `student` VALUES ('100403791', '100403', 'TEST791', '男', 22, '13000000791');
INSERT INTO `student` VALUES ('100403792', '100403', 'TEST792', '女', 20, '13000000792');
INSERT INTO `student` VALUES ('100403793', '100403', 'TEST793', '男', 20, '13000000793');
INSERT INTO `student` VALUES ('100403794', '100403', 'TEST794', '男', 20, '13000000794');
INSERT INTO `student` VALUES ('100403795', '100403', 'TEST795', '女', 22, '13000000795');
INSERT INTO `student` VALUES ('100403796', '100403', 'TEST796', '男', 22, '13000000796');
INSERT INTO `student` VALUES ('100403797', '100403', 'TEST797', '男', 18, '13000000797');
INSERT INTO `student` VALUES ('100403798', '100403', 'TEST798', '男', 21, '13000000798');
INSERT INTO `student` VALUES ('100403799', '100403', 'TEST799', '男', 18, '13000000799');
INSERT INTO `student` VALUES ('100403800', '100403', 'TEST800', '男', 20, '13000000800');
INSERT INTO `student` VALUES ('100403801', '100403', 'TEST801', '男', 19, '13000000801');
INSERT INTO `student` VALUES ('100403802', '100403', 'TEST802', '男', 19, '13000000802');
INSERT INTO `student` VALUES ('100403803', '100403', 'TEST803', '女', 19, '13000000803');
INSERT INTO `student` VALUES ('100403804', '100403', 'TEST804', '女', 21, '13000000804');
INSERT INTO `student` VALUES ('100403805', '100403', 'TEST805', '男', 19, '13000000805');
INSERT INTO `student` VALUES ('100403806', '100403', 'TEST806', '女', 22, '13000000806');
INSERT INTO `student` VALUES ('100403807', '100403', 'TEST807', '男', 19, '13000000807');
INSERT INTO `student` VALUES ('100403808', '100403', 'TEST808', '男', 20, '13000000808');
INSERT INTO `student` VALUES ('100403809', '100403', 'TEST809', '女', 20, '13000000809');
INSERT INTO `student` VALUES ('100403810', '100403', 'TEST810', '男', 18, '13000000810');
INSERT INTO `student` VALUES ('100403811', '100403', 'TEST811', '男', 19, '13000000811');
INSERT INTO `student` VALUES ('100403812', '100403', 'TEST812', '男', 18, '13000000812');
INSERT INTO `student` VALUES ('100403813', '100403', 'TEST813', '男', 23, '13000000813');
INSERT INTO `student` VALUES ('100403814', '100403', 'TEST814', '女', 19, '13000000814');
INSERT INTO `student` VALUES ('100403815', '100403', 'TEST815', '女', 22, '13000000815');
INSERT INTO `student` VALUES ('100403816', '100403', 'TEST816', '女', 19, '13000000816');
INSERT INTO `student` VALUES ('100403817', '100403', 'TEST817', '男', 18, '13000000817');
INSERT INTO `student` VALUES ('100403818', '100403', 'TEST818', '女', 20, '13000000818');
INSERT INTO `student` VALUES ('100403819', '100403', 'TEST819', '女', 20, '13000000819');
INSERT INTO `student` VALUES ('100403820', '100403', 'TEST820', '男', 20, '13000000820');
INSERT INTO `student` VALUES ('100403821', '100403', 'TEST821', '男', 19, '13000000821');
INSERT INTO `student` VALUES ('100403822', '100403', 'TEST822', '男', 20, '13000000822');
INSERT INTO `student` VALUES ('100403823', '100403', 'TEST823', '女', 20, '13000000823');
INSERT INTO `student` VALUES ('100403824', '100403', 'TEST824', '女', 19, '13000000824');
INSERT INTO `student` VALUES ('100403825', '100403', 'TEST825', '女', 22, '13000000825');
INSERT INTO `student` VALUES ('100403826', '100403', 'TEST826', '女', 22, '13000000826');
INSERT INTO `student` VALUES ('100403827', '100403', 'TEST827', '男', 18, '13000000827');
INSERT INTO `student` VALUES ('100403828', '100403', 'TEST828', '女', 18, '13000000828');
INSERT INTO `student` VALUES ('100403829', '100403', 'TEST829', '女', 22, '13000000829');
INSERT INTO `student` VALUES ('100403830', '100403', 'TEST830', '女', 18, '13000000830');
INSERT INTO `student` VALUES ('100403831', '100403', 'TEST831', '男', 18, '13000000831');
INSERT INTO `student` VALUES ('100403832', '100403', 'TEST832', '男', 22, '13000000832');
INSERT INTO `student` VALUES ('100403833', '100403', 'TEST833', '男', 20, '13000000833');
INSERT INTO `student` VALUES ('100403834', '100403', 'TEST834', '男', 19, '13000000834');
INSERT INTO `student` VALUES ('100403835', '100403', 'TEST835', '男', 20, '13000000835');
INSERT INTO `student` VALUES ('100403836', '100403', 'TEST836', '男', 23, '13000000836');
INSERT INTO `student` VALUES ('100403837', '100403', 'TEST837', '男', 22, '13000000837');
INSERT INTO `student` VALUES ('100403838', '100403', 'TEST838', '女', 22, '13000000838');
INSERT INTO `student` VALUES ('100403839', '100403', 'TEST839', '男', 23, '13000000839');
INSERT INTO `student` VALUES ('100403840', '100403', 'TEST840', '女', 21, '13000000840');
INSERT INTO `student` VALUES ('100403841', '100403', 'TEST841', '男', 22, '13000000841');
INSERT INTO `student` VALUES ('100403842', '100403', 'TEST842', '男', 19, '13000000842');
INSERT INTO `student` VALUES ('100403843', '100403', 'TEST843', '女', 19, '13000000843');
INSERT INTO `student` VALUES ('100403844', '100403', 'TEST844', '女', 22, '13000000844');
INSERT INTO `student` VALUES ('100403845', '100403', 'TEST845', '女', 21, '13000000845');
INSERT INTO `student` VALUES ('100403846', '100403', 'TEST846', '男', 22, '13000000846');
INSERT INTO `student` VALUES ('100403847', '100403', 'TEST847', '女', 19, '13000000847');
INSERT INTO `student` VALUES ('100403848', '100403', 'TEST848', '女', 20, '13000000848');
INSERT INTO `student` VALUES ('100403849', '100403', 'TEST849', '男', 19, '13000000849');
INSERT INTO `student` VALUES ('100403850', '100403', 'TEST850', '女', 21, '13000000850');
INSERT INTO `student` VALUES ('100403851', '100403', 'TEST851', '女', 21, '13000000851');
INSERT INTO `student` VALUES ('100403852', '100403', 'TEST852', '男', 22, '13000000852');
INSERT INTO `student` VALUES ('100403853', '100403', 'TEST853', '女', 19, '13000000853');
INSERT INTO `student` VALUES ('100403854', '100403', 'TEST854', '男', 21, '13000000854');
INSERT INTO `student` VALUES ('100403855', '100403', 'TEST855', '女', 21, '13000000855');
INSERT INTO `student` VALUES ('100403856', '100403', 'TEST856', '男', 20, '13000000856');
INSERT INTO `student` VALUES ('100403857', '100403', 'TEST857', '男', 20, '13000000857');
INSERT INTO `student` VALUES ('100403858', '100403', 'TEST858', '女', 18, '13000000858');
INSERT INTO `student` VALUES ('100403859', '100403', 'TEST859', '男', 21, '13000000859');
INSERT INTO `student` VALUES ('100403860', '100403', 'TEST860', '男', 19, '13000000860');
INSERT INTO `student` VALUES ('100403861', '100403', 'TEST861', '女', 20, '13000000861');
INSERT INTO `student` VALUES ('100403862', '100403', 'TEST862', '男', 19, '13000000862');
INSERT INTO `student` VALUES ('100403863', '100403', 'TEST863', '男', 23, '13000000863');
INSERT INTO `student` VALUES ('100403864', '100403', 'TEST864', '女', 19, '13000000864');
INSERT INTO `student` VALUES ('100403865', '100403', 'TEST865', '男', 22, '13000000865');
INSERT INTO `student` VALUES ('100403866', '100403', 'TEST866', '男', 21, '13000000866');
INSERT INTO `student` VALUES ('100403867', '100403', 'TEST867', '男', 21, '13000000867');
INSERT INTO `student` VALUES ('100403868', '100403', 'TEST868', '女', 21, '13000000868');
INSERT INTO `student` VALUES ('100403869', '100403', 'TEST869', '男', 18, '13000000869');
INSERT INTO `student` VALUES ('100403870', '100403', 'TEST870', '女', 20, '13000000870');
INSERT INTO `student` VALUES ('100403871', '100403', 'TEST871', '女', 19, '13000000871');
INSERT INTO `student` VALUES ('100403872', '100403', 'TEST872', '女', 20, '13000000872');
INSERT INTO `student` VALUES ('100403873', '100403', 'TEST873', '男', 20, '13000000873');
INSERT INTO `student` VALUES ('100403874', '100403', 'TEST874', '女', 23, '13000000874');
INSERT INTO `student` VALUES ('100403875', '100403', 'TEST875', '女', 20, '13000000875');
INSERT INTO `student` VALUES ('100403876', '100403', 'TEST876', '女', 20, '13000000876');
INSERT INTO `student` VALUES ('100403877', '100403', 'TEST877', '男', 22, '13000000877');
INSERT INTO `student` VALUES ('100403878', '100403', 'TEST878', '女', 18, '13000000878');
INSERT INTO `student` VALUES ('100403879', '100403', 'TEST879', '女', 19, '13000000879');
INSERT INTO `student` VALUES ('100403880', '100403', 'TEST880', '女', 20, '13000000880');
INSERT INTO `student` VALUES ('100403881', '100403', 'TEST881', '男', 20, '13000000881');
INSERT INTO `student` VALUES ('100403882', '100403', 'TEST882', '女', 20, '13000000882');
INSERT INTO `student` VALUES ('100403883', '100403', 'TEST883', '女', 20, '13000000883');
INSERT INTO `student` VALUES ('100403884', '100403', 'TEST884', '男', 20, '13000000884');
INSERT INTO `student` VALUES ('100403885', '100403', 'TEST885', '男', 19, '13000000885');
INSERT INTO `student` VALUES ('100403886', '100403', 'TEST886', '男', 18, '13000000886');
INSERT INTO `student` VALUES ('100403887', '100403', 'TEST887', '男', 23, '13000000887');
INSERT INTO `student` VALUES ('100403888', '100403', 'TEST888', '女', 21, '13000000888');
INSERT INTO `student` VALUES ('100403889', '100403', 'TEST889', '男', 23, '13000000889');
INSERT INTO `student` VALUES ('100403890', '100403', 'TEST890', '男', 21, '13000000890');
INSERT INTO `student` VALUES ('100403891', '100403', 'TEST891', '男', 20, '13000000891');
INSERT INTO `student` VALUES ('100403892', '100403', 'TEST892', '男', 20, '13000000892');
INSERT INTO `student` VALUES ('100403893', '100403', 'TEST893', '女', 22, '13000000893');
INSERT INTO `student` VALUES ('100403894', '100403', 'TEST894', '男', 23, '13000000894');
INSERT INTO `student` VALUES ('100403895', '100403', 'TEST895', '男', 21, '13000000895');
INSERT INTO `student` VALUES ('100403896', '100403', 'TEST896', '男', 18, '13000000896');
INSERT INTO `student` VALUES ('100403897', '100403', 'TEST897', '男', 23, '13000000897');
INSERT INTO `student` VALUES ('100403898', '100403', 'TEST898', '女', 23, '13000000898');
INSERT INTO `student` VALUES ('100403899', '100403', 'TEST899', '男', 19, '13000000899');
INSERT INTO `student` VALUES ('100403900', '100403', 'TEST900', '女', 20, '13000000900');
INSERT INTO `student` VALUES ('100403901', '100403', 'TEST901', '男', 21, '13000000901');
INSERT INTO `student` VALUES ('100403902', '100403', 'TEST902', '女', 19, '13000000902');
INSERT INTO `student` VALUES ('100403903', '100403', 'TEST903', '男', 21, '13000000903');
INSERT INTO `student` VALUES ('100403904', '100403', 'TEST904', '女', 21, '13000000904');
INSERT INTO `student` VALUES ('100403905', '100403', 'TEST905', '女', 21, '13000000905');
INSERT INTO `student` VALUES ('100403906', '100403', 'TEST906', '女', 21, '13000000906');
INSERT INTO `student` VALUES ('100403907', '100403', 'TEST907', '女', 23, '13000000907');
INSERT INTO `student` VALUES ('100403908', '100403', 'TEST908', '男', 22, '13000000908');
INSERT INTO `student` VALUES ('100403909', '100403', 'TEST909', '男', 19, '13000000909');
INSERT INTO `student` VALUES ('100403910', '100403', 'TEST910', '男', 22, '13000000910');
INSERT INTO `student` VALUES ('100403911', '100403', 'TEST911', '男', 22, '13000000911');
INSERT INTO `student` VALUES ('100403912', '100403', 'TEST912', '女', 21, '13000000912');
INSERT INTO `student` VALUES ('100403913', '100403', 'TEST913', '女', 21, '13000000913');
INSERT INTO `student` VALUES ('100403914', '100403', 'TEST914', '男', 21, '13000000914');
INSERT INTO `student` VALUES ('100403915', '100403', 'TEST915', '女', 22, '13000000915');
INSERT INTO `student` VALUES ('100403916', '100403', 'TEST916', '男', 21, '13000000916');
INSERT INTO `student` VALUES ('100403917', '100403', 'TEST917', '男', 20, '13000000917');
INSERT INTO `student` VALUES ('100403918', '100403', 'TEST918', '女', 23, '13000000918');
INSERT INTO `student` VALUES ('100403919', '100403', 'TEST919', '女', 23, '13000000919');
INSERT INTO `student` VALUES ('100403920', '100403', 'TEST920', '男', 20, '13000000920');
INSERT INTO `student` VALUES ('100403921', '100403', 'TEST921', '女', 23, '13000000921');
INSERT INTO `student` VALUES ('100403922', '100403', 'TEST922', '女', 21, '13000000922');
INSERT INTO `student` VALUES ('100403923', '100403', 'TEST923', '男', 21, '13000000923');
INSERT INTO `student` VALUES ('100403924', '100403', 'TEST924', '男', 20, '13000000924');
INSERT INTO `student` VALUES ('100403925', '100403', 'TEST925', '女', 18, '13000000925');
INSERT INTO `student` VALUES ('100403926', '100403', 'TEST926', '女', 20, '13000000926');
INSERT INTO `student` VALUES ('100403927', '100403', 'TEST927', '男', 22, '13000000927');
INSERT INTO `student` VALUES ('100403928', '100403', 'TEST928', '男', 23, '13000000928');
INSERT INTO `student` VALUES ('100403929', '100403', 'TEST929', '男', 21, '13000000929');
INSERT INTO `student` VALUES ('100403930', '100403', 'TEST930', '女', 20, '13000000930');
INSERT INTO `student` VALUES ('100403931', '100403', 'TEST931', '女', 22, '13000000931');
INSERT INTO `student` VALUES ('100403932', '100403', 'TEST932', '男', 22, '13000000932');
INSERT INTO `student` VALUES ('100403933', '100403', 'TEST933', '男', 20, '13000000933');
INSERT INTO `student` VALUES ('100403934', '100403', 'TEST934', '男', 22, '13000000934');
INSERT INTO `student` VALUES ('100403935', '100403', 'TEST935', '女', 22, '13000000935');
INSERT INTO `student` VALUES ('100403936', '100403', 'TEST936', '女', 23, '13000000936');
INSERT INTO `student` VALUES ('100403937', '100403', 'TEST937', '男', 19, '13000000937');
INSERT INTO `student` VALUES ('100403938', '100403', 'TEST938', '男', 21, '13000000938');
INSERT INTO `student` VALUES ('100403939', '100403', 'TEST939', '女', 19, '13000000939');
INSERT INTO `student` VALUES ('100403940', '100403', 'TEST940', '男', 18, '13000000940');
INSERT INTO `student` VALUES ('100403941', '100403', 'TEST941', '男', 20, '13000000941');
INSERT INTO `student` VALUES ('100403942', '100403', 'TEST942', '女', 22, '13000000942');
INSERT INTO `student` VALUES ('100403943', '100403', 'TEST943', '男', 20, '13000000943');
INSERT INTO `student` VALUES ('100403944', '100403', 'TEST944', '男', 23, '13000000944');
INSERT INTO `student` VALUES ('100403945', '100403', 'TEST945', '女', 23, '13000000945');
INSERT INTO `student` VALUES ('100403946', '100403', 'TEST946', '女', 21, '13000000946');
INSERT INTO `student` VALUES ('100403947', '100403', 'TEST947', '女', 21, '13000000947');
INSERT INTO `student` VALUES ('100403948', '100403', 'TEST948', '女', 20, '13000000948');
INSERT INTO `student` VALUES ('100403949', '100403', 'TEST949', '男', 18, '13000000949');
INSERT INTO `student` VALUES ('100403950', '100403', 'TEST950', '男', 18, '13000000950');
INSERT INTO `student` VALUES ('100403951', '100403', 'TEST951', '女', 19, '13000000951');
INSERT INTO `student` VALUES ('100403952', '100403', 'TEST952', '女', 21, '13000000952');
INSERT INTO `student` VALUES ('100403953', '100403', 'TEST953', '女', 22, '13000000953');
INSERT INTO `student` VALUES ('100403954', '100403', 'TEST954', '男', 22, '13000000954');
INSERT INTO `student` VALUES ('100403955', '100403', 'TEST955', '女', 20, '13000000955');
INSERT INTO `student` VALUES ('100403956', '100403', 'TEST956', '男', 23, '13000000956');
INSERT INTO `student` VALUES ('100403957', '100403', 'TEST957', '男', 18, '13000000957');
INSERT INTO `student` VALUES ('100403958', '100403', 'TEST958', '女', 23, '13000000958');
INSERT INTO `student` VALUES ('100403959', '100403', 'TEST959', '男', 18, '13000000959');
INSERT INTO `student` VALUES ('100403960', '100403', 'TEST960', '女', 21, '13000000960');
INSERT INTO `student` VALUES ('100403961', '100403', 'TEST961', '男', 19, '13000000961');
INSERT INTO `student` VALUES ('100403962', '100403', 'TEST962', '女', 23, '13000000962');
INSERT INTO `student` VALUES ('100403963', '100403', 'TEST963', '男', 23, '13000000963');
INSERT INTO `student` VALUES ('100403964', '100403', 'TEST964', '女', 23, '13000000964');
INSERT INTO `student` VALUES ('100403965', '100403', 'TEST965', '女', 22, '13000000965');
INSERT INTO `student` VALUES ('100403966', '100403', 'TEST966', '女', 23, '13000000966');
INSERT INTO `student` VALUES ('100403967', '100403', 'TEST967', '女', 20, '13000000967');
INSERT INTO `student` VALUES ('100403968', '100403', 'TEST968', '男', 20, '13000000968');
INSERT INTO `student` VALUES ('100403969', '100403', 'TEST969', '女', 22, '13000000969');
INSERT INTO `student` VALUES ('100403970', '100403', 'TEST970', '男', 20, '13000000970');
INSERT INTO `student` VALUES ('100403971', '100403', 'TEST971', '女', 23, '13000000971');
INSERT INTO `student` VALUES ('100403972', '100403', 'TEST972', '男', 18, '13000000972');
INSERT INTO `student` VALUES ('100403973', '100403', 'TEST973', '男', 19, '13000000973');
INSERT INTO `student` VALUES ('100403974', '100403', 'TEST974', '女', 22, '13000000974');
INSERT INTO `student` VALUES ('100403975', '100403', 'TEST975', '女', 22, '13000000975');
INSERT INTO `student` VALUES ('100403976', '100403', 'TEST976', '男', 23, '13000000976');
INSERT INTO `student` VALUES ('100403977', '100403', 'TEST977', '男', 18, '13000000977');
INSERT INTO `student` VALUES ('100403978', '100403', 'TEST978', '女', 21, '13000000978');
INSERT INTO `student` VALUES ('100403979', '100403', 'TEST979', '男', 23, '13000000979');
INSERT INTO `student` VALUES ('100403980', '100403', 'TEST980', '女', 23, '13000000980');
INSERT INTO `student` VALUES ('100403981', '100403', 'TEST981', '女', 19, '13000000981');
INSERT INTO `student` VALUES ('100403982', '100403', 'TEST982', '男', 19, '13000000982');
INSERT INTO `student` VALUES ('100403983', '100403', 'TEST983', '女', 23, '13000000983');
INSERT INTO `student` VALUES ('100403984', '100403', 'TEST984', '女', 22, '13000000984');
INSERT INTO `student` VALUES ('100403985', '100403', 'TEST985', '女', 20, '13000000985');
INSERT INTO `student` VALUES ('100403986', '100403', 'TEST986', '女', 19, '13000000986');
INSERT INTO `student` VALUES ('100403987', '100403', 'TEST987', '女', 23, '13000000987');
INSERT INTO `student` VALUES ('100403988', '100403', 'TEST988', '女', 23, '13000000988');
INSERT INTO `student` VALUES ('100403989', '100403', 'TEST989', '女', 19, '13000000989');
INSERT INTO `student` VALUES ('100403990', '100403', 'TEST990', '女', 19, '13000000990');
INSERT INTO `student` VALUES ('100403991', '100403', 'TEST991', '女', 23, '13000000991');
INSERT INTO `student` VALUES ('100403992', '100403', 'TEST992', '男', 23, '13000000992');
INSERT INTO `student` VALUES ('100403993', '100403', 'TEST993', '男', 23, '13000000993');
INSERT INTO `student` VALUES ('100403994', '100403', 'TEST994', '女', 22, '13000000994');
INSERT INTO `student` VALUES ('100403995', '100403', 'TEST995', '女', 23, '13000000995');
INSERT INTO `student` VALUES ('100403996', '100403', 'TEST996', '女', 22, '13000000996');
INSERT INTO `student` VALUES ('100403997', '100403', 'TEST997', '男', 21, '13000000997');
INSERT INTO `student` VALUES ('100403998', '100403', 'TEST998', '男', 18, '13000000998');
INSERT INTO `student` VALUES ('100403999', '100403', 'TEST999', '男', 22, '13000000999');
INSERT INTO `student` VALUES ('200101001', '200101', '王一', '男', 23, '18596200056');
INSERT INTO `student` VALUES ('200101002', '200101', '王二', '男', 17, '13569552200');
INSERT INTO `student` VALUES ('200101003', '200101', '王三', '男', 19, '10326595952');
INSERT INTO `student` VALUES ('200101004', '200101', '王四', '男', 23, '13592049000');
INSERT INTO `student` VALUES ('200101005', '200101', '王五', '女', 22, '13235000846');
INSERT INTO `student` VALUES ('200102001', '200102', '丁一', '女', 21, '19909654260');
INSERT INTO `student` VALUES ('200102002', '200102', '丁二', '女', 20, '16549609509');

-- ----------------------------
-- Table structure for teacher
-- ----------------------------
DROP TABLE IF EXISTS `teacher`;
CREATE TABLE `teacher`  (
  `t_id` char(8) CHARACTER SET utf8mb4 COLLATE utf8mb4_0900_ai_ci NOT NULL,
  `d_id` char(4) CHARACTER SET utf8mb4 COLLATE utf8mb4_0900_ai_ci NOT NULL,
  `t_name` varchar(12) CHARACTER SET utf8mb4 COLLATE utf8mb4_0900_ai_ci NOT NULL,
  `t_sex` char(2) CHARACTER SET utf8mb4 COLLATE utf8mb4_0900_ai_ci NOT NULL,
  `t_age` int(0) NOT NULL,
  `t_tel` char(11) CHARACTER SET utf8mb4 COLLATE utf8mb4_0900_ai_ci NOT NULL,
  PRIMARY KEY (`t_id`) USING BTREE,
  INDEX `t_did_idx`(`d_id`) USING BTREE,
  INDEX `idx_teacher_name`(`t_name`) USING BTREE,
  CONSTRAINT `t_did` FOREIGN KEY (`d_id`) REFERENCES `department` (`d_id`) ON DELETE RESTRICT ON UPDATE RESTRICT
) ENGINE = InnoDB CHARACTER SET = utf8mb4 COLLATE = utf8mb4_0900_ai_ci ROW_FORMAT = Dynamic;

-- ----------------------------
-- Records of teacher
-- ----------------------------
INSERT INTO `teacher` VALUES ('10011045', '1001', '郑一', '男', 35, '12546825462');
INSERT INTO `teacher` VALUES ('10012005', '1001', '郑二', '女', 42, '15678912356');
INSERT INTO `teacher` VALUES ('10016215', '1001', '郑三', '女', 29, '16846262625');
INSERT INTO `teacher` VALUES ('10020605', '1002', '何一', '男', 56, '17582452555');
INSERT INTO `teacher` VALUES ('10021012', '1002', '何二', '女', 45, '11645021234');
INSERT INTO `teacher` VALUES ('10021020', '1002', '何三', '男', 50, '13984505856');
INSERT INTO `teacher` VALUES ('10021065', '1002', '何四', '男', 38, '19462632546');
INSERT INTO `teacher` VALUES ('10030608', '1003', '毛一', '男', 65, '14654626599');
INSERT INTO `teacher` VALUES ('10035075', '1003', '毛二', '男', 36, '16598783423');
INSERT INTO `teacher` VALUES ('10040106', '1004', '林一', '女', 32, '19563552215');
INSERT INTO `teacher` VALUES ('10042210', '1004', '林二', '男', 52, '17256658522');
INSERT INTO `teacher` VALUES ('20010102', '2001', '邓一', '男', 60, '16548596231');
INSERT INTO `teacher` VALUES ('20013050', '2001', '邓二', '男', 41, '12546221535');
INSERT INTO `teacher` VALUES ('20015236', '2001', '邓三', '女', 48, '19463215482');
INSERT INTO `teacher` VALUES ('20020023', '2002', '朱一', '男', 32, '13846626526');
INSERT INTO `teacher` VALUES ('20020103', '2002', '朱二', '女', 48, '17523665352');

-- ----------------------------
-- Table structure for tt
-- ----------------------------
DROP TABLE IF EXISTS `tt`;
CREATE TABLE `tt`  (
  `t_id` char(8) CHARACTER SET utf8mb4 COLLATE utf8mb4_0900_ai_ci NOT NULL,
  `c_id` char(6) CHARACTER SET utf8mb4 COLLATE utf8mb4_0900_ai_ci NOT NULL,
  `start_week` int(0) NOT NULL,
  `end_week` int(0) NOT NULL,
  PRIMARY KEY (`t_id`, `c_id`) USING BTREE,
  INDEX `tt_cid_idx`(`c_id`) USING BTREE,
  CONSTRAINT `tt_cid` FOREIGN KEY (`c_id`) REFERENCES `course` (`c_id`) ON DELETE RESTRICT ON UPDATE RESTRICT,
  CONSTRAINT `tt_tid` FOREIGN KEY (`t_id`) REFERENCES `teacher` (`t_id`) ON DELETE RESTRICT ON UPDATE RESTRICT
) ENGINE = InnoDB CHARACTER SET = utf8mb4 COLLATE = utf8mb4_0900_ai_ci ROW_FORMAT = Dynamic;

-- ----------------------------
-- Records of tt
-- ----------------------------
INSERT INTO `tt` VALUES ('10011045', '120004', 1, 6);
INSERT INTO `tt` VALUES ('10011045', '130001', 1, 6);
INSERT INTO `tt` VALUES ('10011045', '140001', 2, 10);
INSERT INTO `tt` VALUES ('10012005', '130001', 1, 6);
INSERT INTO `tt` VALUES ('10012005', '140001', 4, 5);
INSERT INTO `tt` VALUES ('10016215', '130001', 1, 6);
INSERT INTO `tt` VALUES ('10016215', '210020', 1, 10);
INSERT INTO `tt` VALUES ('10016215', '220010', 2, 11);
INSERT INTO `tt` VALUES ('10020605', '120004', 3, 11);
INSERT INTO `tt` VALUES ('10021012', '110001', 2, 7);
INSERT INTO `tt` VALUES ('10021012', '120004', 3, 11);
INSERT INTO `tt` VALUES ('10021020', '110001', 2, 7);
INSERT INTO `tt` VALUES ('10021020', '120003', 1, 9);
INSERT INTO `tt` VALUES ('10021065', '120002', 2, 7);
INSERT INTO `tt` VALUES ('10030608', '110004', 2, 7);
INSERT INTO `tt` VALUES ('10035075', '220010', 2, 11);

-- ----------------------------
-- Table structure for ttr
-- ----------------------------
DROP TABLE IF EXISTS `ttr`;
CREATE TABLE `ttr`  (
  `t_id` char(8) CHARACTER SET utf8mb4 COLLATE utf8mb4_0900_ai_ci NOT NULL,
  `c_id` char(6) CHARACTER SET utf8mb4 COLLATE utf8mb4_0900_ai_ci NOT NULL,
  `r_id` varchar(8) CHARACTER SET utf8mb4 COLLATE utf8mb4_0900_ai_ci NOT NULL,
  `dayno` int(0) NOT NULL,
  `classno` int(0) NOT NULL,
  PRIMARY KEY (`t_id`, `c_id`, `r_id`, `dayno`, `classno`) USING BTREE,
  INDEX `ttr_tid_idx`(`t_id`) USING BTREE,
  INDEX `ttr_rid_idx`(`r_id`) USING BTREE,
  INDEX `idx_ttr_classno`(`classno`) USING BTREE,
  CONSTRAINT `ttr_ctid` FOREIGN KEY (`t_id`, `c_id`) REFERENCES `tt` (`t_id`, `c_id`) ON DELETE RESTRICT ON UPDATE RESTRICT,
  CONSTRAINT `ttr_rid` FOREIGN KEY (`r_id`) REFERENCES `classroom` (`r_id`) ON DELETE RESTRICT ON UPDATE RESTRICT
) ENGINE = InnoDB CHARACTER SET = utf8mb4 COLLATE = utf8mb4_0900_ai_ci ROW_FORMAT = Dynamic;

-- ----------------------------
-- Records of ttr
-- ----------------------------
INSERT INTO `ttr` VALUES ('10011045', '140001', 'ZX0510', 1, 1);
INSERT INTO `ttr` VALUES ('10020605', '120004', 'ZX0312', 2, 1);
INSERT INTO `ttr` VALUES ('10021012', '110001', 'ZX0510', 3, 1);
INSERT INTO `ttr` VALUES ('10021012', '120004', 'CY0501', 2, 1);
INSERT INTO `ttr` VALUES ('10011045', '130001', 'ZX0101', 1, 2);
INSERT INTO `ttr` VALUES ('10011045', '130001', 'ZX0101', 2, 2);
INSERT INTO `ttr` VALUES ('10011045', '140001', 'ZX0510', 3, 2);
INSERT INTO `ttr` VALUES ('10021012', '110001', 'ZX0510', 1, 2);
INSERT INTO `ttr` VALUES ('10021020', '110001', 'ZX0312', 3, 2);
INSERT INTO `ttr` VALUES ('10021020', '120003', 'ZX0510', 4, 2);
INSERT INTO `ttr` VALUES ('10021065', '120002', 'ZZ0401', 1, 2);
INSERT INTO `ttr` VALUES ('10021065', '120002', 'ZZ0401', 2, 2);
INSERT INTO `ttr` VALUES ('10030608', '110004', 'ZZ0401', 3, 2);
INSERT INTO `ttr` VALUES ('10030608', '110004', 'ZZ0401', 4, 2);
INSERT INTO `ttr` VALUES ('10035075', '220010', 'ZX0101', 5, 2);
INSERT INTO `ttr` VALUES ('10011045', '130001', 'ZX0101', 3, 3);
INSERT INTO `ttr` VALUES ('10011045', '130001', 'ZX0214', 4, 3);
INSERT INTO `ttr` VALUES ('10012005', '130001', 'ZX0214', 1, 3);
INSERT INTO `ttr` VALUES ('10012005', '130001', 'ZX0214', 3, 3);
INSERT INTO `ttr` VALUES ('10020605', '120004', 'ZX0312', 5, 3);
INSERT INTO `ttr` VALUES ('10021012', '120004', 'CY0501', 3, 3);
INSERT INTO `ttr` VALUES ('10021020', '120003', 'ZX0510', 2, 3);
INSERT INTO `ttr` VALUES ('10035075', '220010', 'ZX0101', 2, 3);
INSERT INTO `ttr` VALUES ('10011045', '130001', 'ZX0101', 5, 4);
INSERT INTO `ttr` VALUES ('10021020', '110001', 'ZX0312', 4, 4);

-- ----------------------------
-- View structure for coursestat
-- ----------------------------
DROP VIEW IF EXISTS `coursestat`;
CREATE ALGORITHM = UNDEFINED SQL SECURITY DEFINER VIEW `coursestat` AS select `c`.`c_id` AS `c_id`,`c`.`c_name` AS `c_name`,max(`sc`.`score`) AS `max_score`,min(`sc`.`score`) AS `min_score`,avg(`sc`.`score`) AS `avg_score` from (`course` `c` join `sc`) where ((`c`.`c_id` = `sc`.`c_id`) and (`sc`.`score` is not null)) group by `c`.`c_id`;

-- ----------------------------
-- View structure for studnoscorecourse
-- ----------------------------
DROP VIEW IF EXISTS `studnoscorecourse`;
CREATE ALGORITHM = UNDEFINED SQL SECURITY DEFINER VIEW `studnoscorecourse` AS select `a`.`s_id` AS `s_id`,`a`.`s_name` AS `s_name`,sum(`a`.`credit`) AS `credits_no_score`,count(0) AS `courseNum` from (select `s`.`s_id` AS `s_id`,`s`.`s_name` AS `s_name`,`c`.`credit` AS `credit` from ((`sc` join `student` `s`) join `course` `c`) where ((`sc`.`s_id` = `s`.`s_id`) and (`sc`.`c_id` = `c`.`c_id`) and (`sc`.`score` is null))) `a` group by `a`.`s_id`;

-- ----------------------------
-- View structure for studstat
-- ----------------------------
DROP VIEW IF EXISTS `studstat`;
CREATE ALGORITHM = UNDEFINED SQL SECURITY DEFINER VIEW `studstat` AS select `a`.`s_id` AS `s_id`,`a`.`s_name` AS `s_name`,sum(`a`.`credit`) AS `total_credits`,(sum(`a`.`total`) / sum(`a`.`credit`)) AS `avg_score` from (select `s`.`s_id` AS `s_id`,`s`.`s_name` AS `s_name`,(`c`.`credit` * `sc`.`score`) AS `total`,`c`.`credit` AS `credit` from ((`sc` join `student` `s`) join `course` `c`) where ((`sc`.`s_id` = `s`.`s_id`) and (`sc`.`c_id` = `c`.`c_id`) and (`sc`.`score` is not null))) `a` group by `a`.`s_id`;

SET FOREIGN_KEY_CHECKS = 1;
